"SYMBOL_CODE","Date","TRADE_VOLUME","TRADE_VALUE","TRADE_COUNT","Open","HIGH_PRICE","LOW_PRICE","Close"
"EGS48031C016",01/02/13 12:00 AM,742192,10760813.36,346,14.2,14.58,14.2,14.5
"EGS48031C016",01/03/13 12:00 AM,659245,9540410.34,400,14.36,14.54,14.3,14.47
"EGS48031C016",01/06/13 12:00 AM,657748,9532597.93,348,14.35,14.52,14.35,14.49
"EGS48031C016",01/08/13 12:00 AM,762240,11182074.69,538,14.48,14.93,14.32,14.67
"EGS48031C016",01/09/13 12:00 AM,838660,12528344.92,592,14.89,15.11,14.77,14.94
"EGS48031C016",01/10/13 12:00 AM,548444,8018909.83,541,15.25,15.25,14.55,14.62
"EGS48031C016",01/13/13 12:00 AM,200979,2929120.96,229,14.52,14.61,14.5,14.57
"EGS48031C016",01/14/13 12:00 AM,244340,3571166.25,259,14.54,14.72,14.5,14.62
"EGS48031C016",01/15/13 12:00 AM,843646,12276511.53,524,14.59,14.67,14.42,14.55
"EGS48031C016",01/16/13 12:00 AM,1104183,16200657.21,364,14.6,14.85,14.59,14.67
"EGS48031C016",01/17/13 12:00 AM,870773,12693914.14,252,14.7,14.8,14.31,14.58
"EGS48031C016",01/20/13 12:00 AM,851910,12310446.72,442,14.5,14.6,14.21,14.45
"EGS48031C016",01/21/13 12:00 AM,1371562,19632491.98,378,14.2,14.4,14.2,14.31
"EGS48031C016",01/22/13 12:00 AM,501996,7277903.81,322,14.35,14.78,14.35,14.5
"EGS48031C016",01/23/13 12:00 AM,475211,6871622.79,527,14.35,14.66,14.35,14.46
"EGS48031C016",01/27/13 12:00 AM,1027338,15218868.32,374,14.4,15,14.3,14.81
"EGS48031C016",01/28/13 12:00 AM,1164047,17019700.6,309,15,15,14.5,14.62
"EGS48031C016",01/29/13 12:00 AM,1617161,23263977.45,495,14.53,14.85,14.2,14.39
"EGS48031C016",01/30/13 12:00 AM,192336,2789490.77,151,14.47,14.6,14.4,14.5
"EGS48031C016",01/31/13 12:00 AM,449035,6509856.01,239,14.46,14.6,14.3,14.5
"EGS48031C016",02/03/13 12:00 AM,309431,4526635.87,229,14.62,14.7,14.39,14.63
"EGS48031C016",02/04/13 12:00 AM,970171,14358799.69,436,14.63,15,14.6,14.8
"EGS48031C016",02/05/13 12:00 AM,345853,5118184.95,171,14.8,14.99,14.69,14.8
"EGS48031C016",02/06/13 12:00 AM,519977,7587448.89,304,14.61,14.88,14.41,14.59
"EGS48031C016",02/07/13 12:00 AM,232992,3415822.76,171,14.43,14.8,14.43,14.66
"EGS48031C016",02/10/13 12:00 AM,253788,3707274.09,219,14.53,14.68,14.53,14.61
"EGS48031C016",02/11/13 12:00 AM,727145,10698526.99,344,14.46,14.77,14.45,14.71
"EGS48031C016",02/12/13 12:00 AM,570549,8421326.06,184,14.64,14.8,14.62,14.76
"EGS48031C016",02/13/13 12:00 AM,957780,14079131.14,206,14.67,14.73,14.62,14.7
"EGS48031C016",02/14/13 12:00 AM,627777,9226652.72,266,14.61,14.8,14.6,14.7
"EGS48031C016",02/17/13 12:00 AM,332267,4857362.71,216,14.79,14.79,14.57,14.62
"EGS48031C016",02/18/13 12:00 AM,259895,3798097.01,197,14.6,14.7,14.59,14.61
"EGS48031C016",02/19/13 12:00 AM,632396,9242738.16,435,14.55,14.7,14.51,14.62
"EGS48031C016",02/20/13 12:00 AM,631919,9211551.79,462,14.52,14.65,14.46,14.58
"EGS48031C016",02/21/13 12:00 AM,929027,13603403.49,428,14.5,14.76,14.5,14.64
"EGS48031C016",02/24/13 12:00 AM,509985,7422342.39,260,14.61,14.69,14.26,14.55
"EGS48031C016",02/25/13 12:00 AM,169751,2432546.5,210,14.32,14.55,14.25,14.33
"EGS48031C016",02/26/13 12:00 AM,153564,2192058.8,191,14.33,14.4,14.2,14.27
"EGS48031C016",02/27/13 12:00 AM,446284,6282762.09,344,14.29,14.29,13.82,14.08
"EGS48031C016",02/28/13 12:00 AM,658964,9150617.13,557,13.9,14.21,13.63,13.89
"EGS48031C016",03/03/13 12:00 AM,754191,10403839.61,233,13.5,13.81,13.5,13.79
"EGS48031C016",03/04/13 12:00 AM,969771,13346097.03,363,13.89,13.89,13.5,13.76
"EGS48031C016",03/05/13 12:00 AM,259073,3513093.52,189,13.61,13.69,13.43,13.56
"EGS48031C016",03/06/13 12:00 AM,752699,10195835.78,208,13.5,13.6,13.43,13.55
"EGS48031C016",03/07/13 12:00 AM,963346,13056646.21,407,13.52,13.65,13.5,13.55
"EGS48031C016",03/10/13 12:00 AM,200165,2715634.58,164,13.6,13.6,13.52,13.57
"EGS48031C016",03/11/13 12:00 AM,936472,12819302.35,674,13.62,13.8,13.59,13.69
"EGS48031C016",03/12/13 12:00 AM,550300,7516188.77,451,13.7,13.8,13.56,13.66
"EGS48031C016",03/13/13 12:00 AM,1057414,14250759.3,514,13.65,13.65,13.37,13.48
"EGS48031C016",03/14/13 12:00 AM,971714,12859852.61,453,13.5,13.5,13.11,13.23
"EGS48031C016",03/17/13 12:00 AM,265901,3518480.29,266,13.38,13.38,13.17,13.23
"EGS48031C016",03/18/13 12:00 AM,486422,6415323.59,331,13.13,13.25,13.1,13.19
"EGS48031C016",03/19/13 12:00 AM,709321,9297542.58,560,13.2,13.3,13,13.11
"EGS48031C016",03/20/13 12:00 AM,972173,12715715.87,193,13.06,13.1,13.02,13.08
"EGS48031C016",03/21/13 12:00 AM,611134,7991420.87,341,13.15,13.17,13.01,13.08
"EGS48031C016",03/24/13 12:00 AM,189506,2483964.44,141,13.05,13.26,13.05,13.11
"EGS48031C016",03/25/13 12:00 AM,535587,6977955.24,223,13.14,13.14,12.97,13.03
"EGS48031C016",03/26/13 12:00 AM,390943,5041956.5,335,13.02,13.05,12.82,12.9
"EGS48031C016",03/27/13 12:00 AM,877145,11417819.38,464,13,13.1,12.94,13.02
"EGS48031C016",03/28/13 12:00 AM,489296,6476564.22,353,13.5,13.5,13.1,13.24
"EGS48031C016",03/31/13 12:00 AM,164823,2161814.11,192,13.2,13.34,13,13.12
"EGS48031C016",04/01/13 12:00 AM,304775,4014434.48,255,13.17,13.24,13.01,13.17
"EGS48031C016",04/02/13 12:00 AM,323074,4255016.24,318,13.12,13.22,13.01,13.17
"EGS48031C016",04/03/13 12:00 AM,627696,8243636.53,402,13.3,13.3,13.06,13.13
"EGS48031C016",04/04/13 12:00 AM,468253,6200465.69,299,13.2,13.29,13.2,13.24
"EGS48031C016",04/07/13 12:00 AM,294854,3893844.14,206,13.29,13.29,13.14,13.21
"EGS48031C016",04/08/13 12:00 AM,478833,6365447.95,262,13.09,13.4,13.09,13.29
"EGS48031C016",04/09/13 12:00 AM,951653,12811239.06,628,13.39,13.56,13.38,13.46
"EGS48031C016",04/10/13 12:00 AM,512665,6972690.63,366,13.52,13.69,13.52,13.6
"EGS48031C016",04/11/13 12:00 AM,267828,3653772.73,204,13.6,13.7,13.55,13.64
"EGS48031C016",04/14/13 12:00 AM,851191,11691487.25,366,13.62,13.85,13.6,13.74
"EGS48031C016",04/15/13 12:00 AM,319558,4345947.89,273,13.71,13.71,13.56,13.6
"EGS48031C016",04/16/13 12:00 AM,578600,7884334.2,424,13.57,13.75,13.55,13.63
"EGS48031C016",04/17/13 12:00 AM,691413,9472331.08,388,13.7,13.8,13.6,13.7
"EGS48031C016",04/18/13 12:00 AM,786734,10808025.29,430,13.75,13.84,13.67,13.74
"EGS48031C016",04/21/13 12:00 AM,672445,9299216.9,424,13.72,13.89,13.72,13.83
"EGS48031C016",04/22/13 12:00 AM,1353270,17061030.46,671,13.85,13.85,12.45,12.61
"EGS48031C016",04/23/13 12:00 AM,760960,9614465.86,384,12.6,12.75,12.56,12.63
"EGS48031C016",04/24/13 12:00 AM,783666,9869443.04,419,12.6,12.69,12.51,12.59
"EGS48031C016",04/28/13 12:00 AM,752813,9488038.32,274,12.61,12.65,12.56,12.6
"EGS48031C016",04/29/13 12:00 AM,192272,2420634.27,224,12.5,12.62,12.5,12.59
"EGS48031C016",04/30/13 12:00 AM,374580,4730599.38,239,12.6,12.71,12.57,12.63
"EGS48031C016",05/02/13 12:00 AM,630499,7976669.58,343,12.63,12.75,12.6,12.65
"EGS48031C016",05/07/13 12:00 AM,796110,10380060.26,458,12.75,13.25,12.75,13.04
"EGS48031C016",05/08/13 12:00 AM,322084,4233121.82,213,13.06,13.2,13.06,13.14
"EGS48031C016",05/09/13 12:00 AM,541993,7162312.54,323,13.15,13.25,13.15,13.21
"EGS48031C016",05/12/13 12:00 AM,494433,6587896.08,346,13.2,13.5,13.17,13.32
"EGS48031C016",05/13/13 12:00 AM,687697,9214776.02,386,13.4,13.6,13.27,13.4
"EGS48031C016",05/14/13 12:00 AM,717304,9584448.49,318,13.4,13.49,13.26,13.36
"EGS48031C016",05/15/13 12:00 AM,1050308,14273665.94,365,13.4,13.65,13.4,13.59
"EGS48031C016",05/16/13 12:00 AM,994691,13536804.51,271,13.46,13.74,13.46,13.61
"EGS48031C016",05/19/13 12:00 AM,46271,630435.05,71,13.62,13.7,13.6,13.62
"EGS48031C016",05/20/13 12:00 AM,572395,7841895.12,258,13.72,13.76,13.62,13.7
"EGS48031C016",05/21/13 12:00 AM,915748,12475155.1,275,13.7,13.7,13.57,13.62
"EGS48031C016",05/22/13 12:00 AM,216443,2946063.82,111,13.53,13.69,13.53,13.61
"EGS48031C016",05/23/13 12:00 AM,279609,3783176.56,204,13.55,13.61,13.45,13.53
"EGS48031C016",05/26/13 12:00 AM,36519,491022.7,71,13.5,13.58,13.33,13.45
"EGS48031C016",05/27/13 12:00 AM,201163,2710397.65,197,13.48,13.5,13.32,13.47
"EGS48031C016",05/28/13 12:00 AM,134656,1813799.85,119,13.48,13.6,13.34,13.47
"EGS48031C016",05/29/13 12:00 AM,456327,6036369.21,351,13.32,13.42,13.07,13.23
"EGS48031C016",05/30/13 12:00 AM,2568205,34724263.3,779,13.46,13.68,13.25,13.52
"EGS48031C016",06/02/13 12:00 AM,208671,2815601.85,151,13.52,13.55,13.4,13.49
"EGS48031C016",06/03/13 12:00 AM,878100,11749576.38,357,13.4,13.57,12.98,13.38
"EGS48031C016",06/04/13 12:00 AM,196796,2540144.77,297,13.1,13.1,12.8,12.91
"EGS48031C016",06/05/13 12:00 AM,725306,8954043.34,401,12.82,12.82,12.2,12.35
"EGS48031C016",06/06/13 12:00 AM,512816,6353082.86,385,12.48,12.55,12.3,12.39
"EGS48031C016",06/09/13 12:00 AM,312563,3779195.43,172,12.37,12.45,11.56,12.09
"EGS48031C016",06/10/13 12:00 AM,676886,7985081.98,432,11.81,12.08,11.65,11.8
"EGS48031C016",06/11/13 12:00 AM,485935,5772121.98,383,11.95,12.1,11.73,11.88
"EGS48031C016",06/12/13 12:00 AM,1187170,12962914.84,619,12.05,12.06,10.7,10.92
"EGS48031C016",06/13/13 12:00 AM,203297,2245017.65,247,10.93,11.2,10.81,11.04
"EGS48031C016",06/16/13 12:00 AM,161632,1787586.1,177,11,11.25,10.95,11.06
"EGS48031C016",06/17/13 12:00 AM,371622,4352721.6,289,11.11,12.15,11.1,11.71
"EGS48031C016",06/18/13 12:00 AM,229151,2697427.3,216,11.95,12.1,11.67,11.77
"EGS48031C016",06/19/13 12:00 AM,611144,7148333.22,84,11.36,11.8,11.36,11.7
"EGS48031C016",06/20/13 12:00 AM,3043214,33788126.35,602,11.51,11.51,10.9,11.1
"EGS48031C016",06/23/13 12:00 AM,200396,2219993.26,107,11.03,11.19,11,11.08
"EGS48031C016",06/24/13 12:00 AM,919464,10307205.43,390,11.08,11.33,11.03,11.21
"EGS48031C016",06/25/13 12:00 AM,737417,8450518.15,447,11.2,11.68,11.2,11.46
"EGS48031C016",06/26/13 12:00 AM,308166,3478192.46,245,11.64,11.64,11.2,11.29
"EGS48031C016",06/27/13 12:00 AM,431420,4973504.57,357,11.56,11.6,11.37,11.53
"EGS48031C016",06/30/13 12:00 AM,557580,6399166.58,343,11.27,11.6,11.27,11.48
"EGS48031C016",07/02/13 12:00 AM,1325330,15781475.96,663,11.5,12.1,11.5,11.91
"EGS48031C016",07/03/13 12:00 AM,1718947,20017444.66,880,11.63,11.78,11.43,11.65
"EGS48031C016",07/04/13 12:00 AM,553978,7093061.53,140,12.81,12.81,11.99,12.8
"EGS48031C016",07/07/13 12:00 AM,995697,12657916.29,468,12.85,12.85,12.12,12.71
"EGS48031C016",07/08/13 12:00 AM,770537,9443626.55,325,12.51,12.51,12.06,12.26
"EGS48031C016",07/09/13 12:00 AM,787358,10052786.08,280,12.35,12.99,12.33,12.77
"EGS48031C016",07/10/13 12:00 AM,859096,11089942.85,272,12.8,13.01,12.67,12.91
"EGS48031C016",07/11/13 12:00 AM,323950,4139681.89,333,13.1,13.1,12.72,12.78
"EGS48031C016",07/14/13 12:00 AM,767024,10111209.72,351,12.6,13.5,12.46,13.18
"EGS48031C016",07/15/13 12:00 AM,677507,9093302.91,463,13.25,13.65,13.25,13.42
"EGS48031C016",07/16/13 12:00 AM,1178358,16249328.96,783,13.3,13.92,13.3,13.79
"EGS48031C016",07/17/13 12:00 AM,1226287,16489487.42,835,13.8,13.94,13.3,13.45
"EGS48031C016",07/18/13 12:00 AM,1154148,15408594.56,599,13.49,13.5,13.26,13.35
"EGS48031C016",07/21/13 12:00 AM,230774,3108858.28,180,13.49,13.6,13.28,13.47
"EGS48031C016",07/22/13 12:00 AM,1551866,20770492.61,1213,13.46,13.6,13.26,13.38
"EGS48031C016",07/24/13 12:00 AM,604196,8045368.45,593,13.49,13.51,13.06,13.32
"EGS48031C016",07/25/13 12:00 AM,539664,7200719.48,315,13.1,13.42,13.1,13.34
"EGS48031C016",07/28/13 12:00 AM,263498,3507614.2,125,13.5,13.5,13.27,13.31
"EGS48031C016",07/29/13 12:00 AM,370452,4971062.69,298,13.45,13.58,13.27,13.42
"EGS48031C016",07/30/13 12:00 AM,2435974,32896967.57,560,13.5,13.65,13.35,13.5
"EGS48031C016",07/31/13 12:00 AM,403653,5428975.27,188,13.35,13.5,13.35,13.45
"EGS48031C016",08/01/13 12:00 AM,456455,6151274.18,131,13.36,13.5,13.36,13.48
"EGS48031C016",08/04/13 12:00 AM,1279925,17742355.1,578,13.4,14.17,13.35,13.86
"EGS48031C016",08/05/13 12:00 AM,1815720,25383294.01,828,14.1,14.1,13.85,13.98
"EGS48031C016",08/06/13 12:00 AM,1004678,13989732.98,724,13.98,14,13.81,13.92
"EGS48031C016",08/07/13 12:00 AM,1166950,16202765.54,291,13.92,13.94,13.8,13.88
"EGS48031C016",08/12/13 12:00 AM,1515818,21169454.98,701,14,14.05,13.85,13.97
"EGS48031C016",08/13/13 12:00 AM,891612,12261263.4,724,14,14,13.61,13.75
"EGS48031C016",08/14/13 12:00 AM,544265,7403024.54,391,13.8,13.8,13.45,13.6
"EGS48031C016",08/18/13 12:00 AM,1183958,15340268.59,551,13.24,13.27,12.75,12.96
"EGS48031C016",08/19/13 12:00 AM,1052253,13462085.31,596,12.8,12.98,12.7,12.79
"EGS48031C016",08/20/13 12:00 AM,2300558,29459169.65,1003,12.96,13.01,12.75,12.81
"EGS48031C016",08/21/13 12:00 AM,1014733,12981344.03,872,12.85,13,12.68,12.79
"EGS48031C016",08/22/13 12:00 AM,4063830,52079331.65,1536,12.74,12.87,12.73,12.82
"EGS48031C016",08/25/13 12:00 AM,750150,9647858.05,246,12.9,13,12.77,12.86
"EGS48031C016",08/26/13 12:00 AM,911790,11602978.02,864,12.82,12.83,12.65,12.73
"EGS48031C016",08/27/13 12:00 AM,1151903,14265929.79,619,12.65,12.69,12.23,12.38
"EGS48031C016",08/28/13 12:00 AM,1233335,15037007.65,428,12.26,12.33,12.1,12.19
"EGS48031C016",08/29/13 12:00 AM,1051983,13103258.45,488,12.18,12.56,12.18,12.46
"EGS48031C016",09/01/13 12:00 AM,767774,9588336.45,432,12.55,12.66,12.42,12.49
"EGS48031C016",09/02/13 12:00 AM,682171,8459954.11,296,12.5,12.58,12.19,12.4
"EGS48031C016",09/03/13 12:00 AM,417124,5115863.53,233,12.22,12.45,12.2,12.26
"EGS48031C016",09/04/13 12:00 AM,636788,7838495.67,345,12.19,12.49,12.14,12.31
"EGS48031C016",09/05/13 12:00 AM,351955,4336923.28,162,12.45,12.45,12.2,12.32
"EGS48031C016",09/08/13 12:00 AM,62683,768705.07,72,12.38,12.38,12.2,12.26
"EGS48031C016",09/09/13 12:00 AM,1884094,23460428.02,295,12.34,12.5,12.34,12.45
"EGS48031C016",09/10/13 12:00 AM,1364501,17281601.96,586,12.51,12.8,12.5,12.67
"EGS48031C016",09/11/13 12:00 AM,1597864,20376742.8,623,13.55,13.55,12.66,12.75
"EGS48031C016",09/12/13 12:00 AM,1201052,15396734.9,646,12.79,12.96,12.65,12.82
"EGS48031C016",09/15/13 12:00 AM,831658,10621969.02,472,12.75,12.94,12.66,12.77
"EGS48031C016",09/16/13 12:00 AM,1095595,14218745.3,643,12.76,13.05,12.76,12.98
"EGS48031C016",09/17/13 12:00 AM,899974,11735705.66,692,12.85,13.24,12.85,13.04
"EGS48031C016",09/18/13 12:00 AM,474204,6182039.61,326,13.07,13.24,12.91,13.04
"EGS48031C016",09/19/13 12:00 AM,887776,11711381.11,531,13.05,13.3,12.96,13.19
"EGS48031C016",09/22/13 12:00 AM,436160,5796725.75,238,13.12,13.34,13.12,13.29
"EGS48031C016",09/23/13 12:00 AM,969043,13061963.19,561,13.25,13.6,13.17,13.48
"EGS48031C016",09/24/13 12:00 AM,1279550,17390402.32,539,13.66,13.69,13.5,13.59
"EGS48031C016",09/25/13 12:00 AM,2167505,29754871.61,990,13.6,13.91,13.52,13.73
"EGS48031C016",09/26/13 12:00 AM,2796182,38462923.8,550,13.59,13.85,13.59,13.76
"EGS48031C016",09/29/13 12:00 AM,596234,8203927.28,333,13.7,13.91,13.5,13.76
"EGS48031C016",09/30/13 12:00 AM,1175694,15921742.94,521,13.6,13.65,13.39,13.54
"EGS48031C016",10/01/13 12:00 AM,489686,6634873.41,495,13.6,13.68,13.48,13.55
"EGS48031C016",10/02/13 12:00 AM,298225,4063973.89,274,13.55,13.7,13.5,13.63
"EGS48031C016",10/03/13 12:00 AM,262214,3588913.03,216,13.56,13.75,13.55,13.69
"EGS48031C016",10/07/13 12:00 AM,969578,13328012.17,318,13.69,13.8,13.63,13.75
"EGS48031C016",10/08/13 12:00 AM,412847,5616046.37,424,13.67,13.72,13.52,13.6
"EGS48031C016",10/09/13 12:00 AM,582605,7979857.52,374,13.52,13.78,13.52,13.7
"EGS48031C016",10/10/13 12:00 AM,933986,12937518.61,791,13.78,13.93,13.69,13.85
"EGS48031C016",10/13/13 12:00 AM,286219,3959464.64,143,13.9,13.9,13.75,13.83
"EGS48031C016",10/20/13 12:00 AM,323433,4467545.07,201,13.9,13.9,13.76,13.81
"EGS48031C016",10/21/13 12:00 AM,1008217,14018589.35,669,13.76,14,13.76,13.9
"EGS48031C016",10/22/13 12:00 AM,3585437,51767930.83,1542,13.95,14.99,13.95,14.44
"EGS48031C016",10/23/13 12:00 AM,672952,9502907.3,421,14.35,14.4,13.91,14.12
"EGS48031C016",10/24/13 12:00 AM,967461,13496314.06,722,13.75,14.13,13.75,13.95
"EGS48031C016",10/27/13 12:00 AM,412383,5748055.93,323,13.86,14.09,13.85,13.94
"EGS48031C016",10/28/13 12:00 AM,780406,10656220.31,729,13.85,13.85,13.4,13.65
"EGS48031C016",10/29/13 12:00 AM,541718,7368056.99,446,13.6,13.65,13.44,13.6
"EGS48031C016",10/30/13 12:00 AM,1427517,19480688.18,524,13.63,13.76,13.62,13.65
"EGS48031C016",10/31/13 12:00 AM,539201,7307341.08,628,13.8,13.8,13.46,13.55
"EGS48031C016",11/03/13 12:00 AM,170002,2304003.72,143,13.5,13.72,13.46,13.55
"EGS48031C016",11/04/13 12:00 AM,419787,5731845.27,358,13.68,13.79,13.6,13.65
"EGS48031C016",11/06/13 12:00 AM,2042156,28453147.03,591,13.8,14.04,13.76,13.93
"EGS48031C016",11/07/13 12:00 AM,1325478,18496392.12,587,13.99,14.07,13.85,13.95
"EGS48031C016",11/10/13 12:00 AM,802545,11159974.15,344,13.91,14,13.8,13.91
"EGS48031C016",11/11/13 12:00 AM,637256,8853005.28,343,13.96,13.96,13.82,13.89
"EGS48031C016",11/12/13 12:00 AM,540749,7482035.82,469,14,14,13.73,13.84
"EGS48031C016",11/13/13 12:00 AM,795552,10895691.3,512,13.85,13.85,13.64,13.7
"EGS48031C016",11/14/13 12:00 AM,726084,9939161.44,400,13.66,13.88,13.61,13.69
"EGS48031C016",11/17/13 12:00 AM,159416,2195389.53,95,13.83,13.83,13.66,13.77
"EGS48031C016",11/18/13 12:00 AM,673609,9294650.24,524,13.8,13.9,13.69,13.8
"EGS48031C016",11/19/13 12:00 AM,928507,12787885.66,681,13.72,13.85,13.72,13.77
"EGS48031C016",11/20/13 12:00 AM,904549,12557695.88,667,13.8,13.95,13.78,13.88
"EGS48031C016",11/21/13 12:00 AM,891508,12261134.34,708,13.77,13.8,13.7,13.75
"EGS48031C016",11/24/13 12:00 AM,193421,2649838.78,137,13.76,13.76,13.65,13.7
"EGS48031C016",11/25/13 12:00 AM,1095754,14870730.42,753,13.75,13.75,13.49,13.57
"EGS48031C016",11/26/13 12:00 AM,519354,6989901.27,400,13.53,13.54,13.4,13.46
"EGS48031C016",11/27/13 12:00 AM,332302,4456152.77,205,13.41,13.55,13.18,13.41
"EGS48031C016",11/28/13 12:00 AM,1179773,15699229.84,731,13.33,13.74,13.12,13.31
"EGS48031C016",12/01/13 12:00 AM,470164,6422173.45,279,13.5,13.8,13.5,13.66
"EGS48031C016",12/02/13 12:00 AM,379322,5121895.63,377,13.5,13.61,13.38,13.5
"EGS48031C016",12/03/13 12:00 AM,559772,7527747.48,283,13.5,13.6,13.37,13.45
"EGS48031C016",12/04/13 12:00 AM,514306,6941842.42,493,13.5,13.54,13.4,13.5
"EGS48031C016",12/05/13 12:00 AM,285436,3842991.46,214,13.51,13.55,13.4,13.46
"EGS48031C016",12/08/13 12:00 AM,546702,7437055.93,308,13.54,13.7,13.5,13.6
"EGS48031C016",12/09/13 12:00 AM,543609,7392526.81,437,13.65,13.7,13.52,13.6
"EGS48031C016",12/10/13 12:00 AM,249462,3378904,220,13.65,13.65,13.48,13.54
"EGS48031C016",12/11/13 12:00 AM,830197,11257748.33,552,12.24,13.67,12.24,13.56
"EGS48031C016",12/12/13 12:00 AM,1856932,25480289.63,1055,13.6,13.83,13.56,13.72
"EGS48031C016",12/15/13 12:00 AM,392075,5377724.11,232,13.79,13.86,13.63,13.72
"EGS48031C016",12/16/13 12:00 AM,695581,9460995.98,509,13.6,13.75,13.53,13.6
"EGS48031C016",12/17/13 12:00 AM,1541595,21038134.75,949,13.7,13.7,13.57,13.65
"EGS48031C016",12/18/13 12:00 AM,991937,13489243.24,486,13.6,13.69,13.55,13.6
"EGS48031C016",12/19/13 12:00 AM,1001094,13712302.64,674,13.64,13.94,13.6,13.7
"EGS48031C016",12/22/13 12:00 AM,567012,7784384.14,411,13.7,13.78,13.64,13.73
"EGS48031C016",12/23/13 12:00 AM,377163,5144775.75,459,13.72,13.72,13.58,13.64
"EGS48031C016",12/24/13 12:00 AM,2565524,35619116.77,1651,13.56,14.05,13.56,13.88
"EGS48031C016",12/25/13 12:00 AM,3034848,43798030.77,1406,14,14.62,14,14.43
"EGS48031C016",12/26/13 12:00 AM,1414057,20288698.9,816,14.69,14.69,14.18,14.35
"EGS48031C016",12/29/13 12:00 AM,476366,6765023.38,381,14.34,14.4,14.11,14.2
"EGS48031C016",12/30/13 12:00 AM,1534953,22078146.8,1133,14.17,14.56,14.17,14.38
"EGS48031C016",12/31/13 12:00 AM,1931616,28364493.53,1581,15.81,15.81,14.46,14.68
"EGS48031C016",01/02/14 12:00 AM,1100336,16122888.54,909,14.6,14.9,14.57,14.65
"EGS48031C016",01/05/14 12:00 AM,895545,13073547.07,504,14.65,14.7,14.5,14.6
"EGS48031C016",01/06/14 12:00 AM,847111,12206345.12,502,14.58,14.6,14.27,14.41
"EGS48031C016",01/08/14 12:00 AM,1490134,21775329.92,662,15,15,14.38,14.61
"EGS48031C016",01/09/14 12:00 AM,1350844,19851525.48,506,14.6,14.77,14.57,14.7
"EGS48031C016",01/12/14 12:00 AM,1204675,17719127.62,496,14.73,14.83,14.6,14.71
"EGS48031C016",01/14/14 12:00 AM,2335657,34688179.15,1158,14.79,15.06,14.6,14.85
"EGS48031C016",01/15/14 12:00 AM,1943932,28846658.95,396,15,15,14.68,14.84
"EGS48031C016",01/16/14 12:00 AM,848369,12467118.15,370,14.95,14.95,14.64,14.7
"EGS48031C016",01/19/14 12:00 AM,721062,10427829.82,374,14.66,14.7,14.25,14.46
"EGS48031C016",01/20/14 12:00 AM,283907,4107642.39,211,14.25,14.55,14.25,14.47
"EGS48031C016",01/21/14 12:00 AM,433775,6292802.29,233,14.5,14.6,14.45,14.51
"EGS48031C016",01/22/14 12:00 AM,410309,6005159.28,295,14.55,14.75,14.53,14.64
"EGS48031C016",01/23/14 12:00 AM,411057,6020452.63,270,14.56,14.71,14.56,14.65
"EGS48031C016",01/26/14 12:00 AM,382573,5584475.08,185,14.2,14.7,14.2,14.6
"EGS48031C016",01/27/14 12:00 AM,517336,7561835.26,235,14.6,14.75,14.5,14.62
"EGS48031C016",01/28/14 12:00 AM,1774022,26386244.4,681,14.75,14.98,14.7,14.87
"EGS48031C016",01/29/14 12:00 AM,265284,3926108,321,14.89,14.89,14.73,14.8
"EGS48031C016",01/30/14 12:00 AM,571403,8480535.24,310,14.8,14.95,14.75,14.84
"EGS48031C016",02/02/14 12:00 AM,180806,2687046.61,169,15,15,14.75,14.86
"EGS48031C016",02/03/14 12:00 AM,521954,7787761.55,260,15.1,15.1,14.76,14.92
"EGS48031C016",02/04/14 12:00 AM,528771,7731158.68,303,14.79,14.87,14.57,14.62
"EGS48031C016",02/05/14 12:00 AM,464127,6783521.79,285,14.6,14.69,14.59,14.62
"EGS48031C016",02/06/14 12:00 AM,2283879,33661870.38,550,14.63,14.88,14.5,14.74
"EGS48031C016",02/09/14 12:00 AM,606897,8868707.44,215,14.6,14.7,14.5,14.61
"EGS48031C016",02/10/14 12:00 AM,619794,9111018.79,275,14.69,14.75,14.65,14.7
"EGS48031C016",02/11/14 12:00 AM,1151525,17164449.39,524,14.8,14.99,14.71,14.91
"EGS48031C016",02/12/14 12:00 AM,554646,8287822.47,302,14.88,15,14.88,14.94
"EGS48031C016",02/13/14 12:00 AM,254620,3788811.87,287,14.99,14.99,14.8,14.88
"EGS48031C016",02/16/14 12:00 AM,184536,2738350.03,195,14.93,14.93,14.77,14.84
"EGS48031C016",02/17/14 12:00 AM,441079,6576614.35,242,14.85,14.99,14.75,14.91
"EGS48031C016",02/18/14 12:00 AM,1313247,19807012.55,586,14.99,15.25,14.92,15.08
"EGS48031C016",02/19/14 12:00 AM,816012,12321829.03,342,15.05,15.18,15,15.1
"EGS48031C016",02/20/14 12:00 AM,555597,8363500.21,337,15.1,15.14,15.01,15.05
"EGS48031C016",02/23/14 12:00 AM,379283,5702407.75,240,15.12,15.13,14.9,15.03
"EGS48031C016",02/24/14 12:00 AM,520052,7807701.52,358,14.92,15.23,14.88,15.01
"EGS48031C016",02/25/14 12:00 AM,1565098,23587910.22,343,15.01,15.15,14.93,15.07
"EGS48031C016",02/26/14 12:00 AM,342005,5151059.93,321,14.92,15.12,14.91,15.06
"EGS48031C016",02/27/14 12:00 AM,1105193,16832993.47,567,15.1,15.34,15,15.23
"EGS48031C016",03/02/14 12:00 AM,330524,5022594.27,234,15.25,15.41,15.05,15.2
"EGS48031C016",03/03/14 12:00 AM,457416,6792686.05,278,15.15,15.15,14.55,14.85
"EGS48031C016",03/04/14 12:00 AM,252896,3794263.12,196,14.71,15.19,14.71,15
"EGS48031C016",03/05/14 12:00 AM,419591,6328512.61,194,15.04,15.2,15,15.08
"EGS48031C016",03/06/14 12:00 AM,174186,2600522.07,180,15.05,15.08,14.85,14.93
"EGS48031C016",03/09/14 12:00 AM,752936,11509683.97,371,15.1,15.4,15.1,15.29
"EGS48031C016",03/10/14 12:00 AM,2457833,38245249.1,767,15.4,15.7,15.4,15.56
"EGS48031C016",03/11/14 12:00 AM,1386198,22031957.85,675,15.5,16.12,15.5,15.89
"EGS48031C016",03/12/14 12:00 AM,2202689,35669594.29,989,16.45,16.45,15.95,16.19
"EGS48031C016",03/13/14 12:00 AM,1401227,22607741.79,497,16.22,16.22,16,16.13
"EGS48031C016",03/16/14 12:00 AM,330598,5329155.23,255,16.2,16.39,15.95,16.12
"EGS48031C016",03/17/14 12:00 AM,823177,12997652.33,645,16.19,16.19,15.59,15.79
"EGS48031C016",03/18/14 12:00 AM,417385,6653444.92,315,15.8,16,15.71,15.94
"EGS48031C016",03/19/14 12:00 AM,636329,10153597.45,433,15.96,16,15.87,15.96
"EGS48031C016",03/20/14 12:00 AM,3476104,58050217.59,1423,16,17.3,16,16.7
"EGS48031C016",03/23/14 12:00 AM,1098154,18794461.67,721,16.8,17.69,16.6,17.11
"EGS48031C016",03/24/14 12:00 AM,1717093,29803794.95,1120,16.88,17.82,16.88,17.36
"EGS48031C016",03/25/14 12:00 AM,1362348,24211275.68,875,17.49,17.98,17.49,17.77
"EGS48031C016",03/26/14 12:00 AM,1309555,22990845.16,882,16.8,17.93,16.8,17.56
"EGS48031C016",03/27/14 12:00 AM,1799494,30555289.45,988,17.6,17.8,16.5,16.98
"EGS48031C016",03/30/14 12:00 AM,646748,11105292.17,491,17,17.46,16.71,17.17
"EGS48031C016",03/31/14 12:00 AM,1530549,25797671.48,947,17.49,17.5,16.47,16.86
"EGS48031C016",04/01/14 12:00 AM,782550,13278875.88,460,17.02,17.08,16.78,16.97
"EGS48031C016",04/02/14 12:00 AM,976938,17048354.67,491,17.1,17.7,17.1,17.45
"EGS48031C016",04/03/14 12:00 AM,1608808,25748915.17,738,17.7,17.7,15.71,16
"EGS48031C016",04/06/14 12:00 AM,1931646,28809695.32,688,16.09,16.12,14.4,14.91
"EGS48031C016",04/07/14 12:00 AM,1519041,23070147.13,756,14.84,15.7,14.53,15.19
"EGS48031C016",04/08/14 12:00 AM,1096864,16602470.85,830,15.42,15.5,14.9,15.14
"EGS48031C016",04/09/14 12:00 AM,623896,9427231.89,413,14.86,15.24,14.8,15.11
"EGS48031C016",04/10/14 12:00 AM,1633992,25166592.83,783,15.22,15.79,15,15.4
"EGS48031C016",04/13/14 12:00 AM,506152,7798040.8,328,15.5,15.67,15.24,15.41
"EGS48031C016",04/14/14 12:00 AM,491228,7619027.9,365,15.5,15.6,15.4,15.51
"EGS48031C016",04/15/14 12:00 AM,2141392,33373720.48,478,15.57,15.67,15.5,15.59
"EGS48031C016",04/16/14 12:00 AM,1227453,19001942.63,376,15.61,15.65,15.35,15.48
"EGS48031C016",04/17/14 12:00 AM,1151779,17944526.66,496,15.38,15.6,15.38,15.58
"EGS48031C016",04/22/14 12:00 AM,2018829,31864710.62,866,15.59,15.9,15.59,15.78
"EGS48031C016",04/23/14 12:00 AM,664602,9815932.51,440,14.21,15.71,14.21,14.77
"EGS48031C016",04/27/14 12:00 AM,684744,10021502.08,510,15,15,14.53,14.64
"EGS48031C016",04/28/14 12:00 AM,1170600,17164467.73,927,14.58,14.79,14.55,14.66
"EGS48031C016",04/29/14 12:00 AM,430270,6309813.11,225,14.75,14.77,14.6,14.66
"EGS48031C016",04/30/14 12:00 AM,669876,9917573.27,496,14.7,14.92,14.62,14.81
"EGS48031C016",05/04/14 12:00 AM,530279,7854569.73,346,14.8,14.97,14.67,14.81
"EGS48031C016",05/05/14 12:00 AM,873959,12928149.01,458,14.75,14.9,14.62,14.79
"EGS48031C016",05/06/14 12:00 AM,583507,8647033.53,340,14.9,14.99,14.75,14.82
"EGS48031C016",05/07/14 12:00 AM,708498,10393380.28,567,14.86,14.86,14.55,14.67
"EGS48031C016",05/08/14 12:00 AM,768022,11090315.3,443,14.55,14.6,14.32,14.44
"EGS48031C016",05/11/14 12:00 AM,396489,5688535.17,350,14.53,14.69,14.22,14.35
"EGS48031C016",05/12/14 12:00 AM,539725,7748639.71,470,14.25,14.48,14.24,14.36
"EGS48031C016",05/13/14 12:00 AM,499306,7110933.29,368,14.39,14.4,14.15,14.24
"EGS48031C016",05/14/14 12:00 AM,1267699,18016924.33,567,15,15,14.18,14.21
"EGS48031C016",05/15/14 12:00 AM,1179353,16935378.16,551,14.3,14.41,14.27,14.36
"EGS48031C016",05/18/14 12:00 AM,792634,11386450.13,462,14.6,14.6,14.29,14.37
"EGS48031C016",05/19/14 12:00 AM,604851,8668512.76,368,14.5,14.5,14.25,14.33
"EGS48031C016",05/20/14 12:00 AM,798587,11347144.57,574,14.4,14.42,14,14.21
"EGS48031C016",05/21/14 12:00 AM,607148,8634653.7,392,14.2,14.4,14.02,14.22
"EGS48031C016",05/22/14 12:00 AM,1687490,24550618.06,746,14.26,14.7,14.26,14.55
"EGS48031C016",05/25/14 12:00 AM,506635,7406539.47,316,14.6,14.73,14.5,14.62
"EGS48031C016",05/26/14 12:00 AM,1426544,20719898.6,486,14.69,14.78,14.33,14.52
"EGS48031C016",05/28/14 12:00 AM,894874,12895440.81,586,14.5,14.52,14.24,14.41
"EGS48031C016",05/29/14 12:00 AM,1239143,16955063.22,778,14.44,14.44,13,13.68
"EGS48031C016",06/01/14 12:00 AM,891413,11630072.93,421,13.51,13.51,12.6,13.05
"EGS48031C016",06/02/14 12:00 AM,628622,8342789.7,739,13.19,13.4,13.18,13.27
"EGS48031C016",06/03/14 12:00 AM,485329,6477243.58,316,13.35,13.5,13.2,13.35
"EGS48031C016",06/04/14 12:00 AM,182947,2461535.25,183,13.22,13.6,13.1,13.45
"EGS48031C016",06/05/14 12:00 AM,1153996,16347191.95,504,13.65,14.7,13.65,14.17
"EGS48031C016",06/09/14 12:00 AM,637248,9289591.14,316,14.79,14.8,14.27,14.58
"EGS48031C016",06/10/14 12:00 AM,219525,3178535.46,199,14.1,14.6,14.1,14.48
"EGS48031C016",06/11/14 12:00 AM,357701,5194423.2,255,14.33,14.64,14.33,14.52
"EGS48031C016",06/12/14 12:00 AM,562525,8185265.44,403,14.56,14.77,14.34,14.55
"EGS48031C016",06/15/14 12:00 AM,365878,5203243.3,219,14.35,14.5,14.05,14.22
"EGS48031C016",06/16/14 12:00 AM,679870,9386375.56,431,14.15,14.25,13.6,13.81
"EGS48031C016",06/17/14 12:00 AM,384284,5200081.74,340,14,14,13.35,13.53
"EGS48031C016",06/18/14 12:00 AM,538974,7298944.16,281,13.64,13.68,13.4,13.54
"EGS48031C016",06/19/14 12:00 AM,1616858,21520382.26,954,13.61,13.61,13.2,13.31
"EGS48031C016",06/22/14 12:00 AM,588632,7810975.18,343,13.37,13.66,13.18,13.27
"EGS48031C016",06/23/14 12:00 AM,721668,9701002.01,370,13.28,13.55,13.28,13.44
"EGS48031C016",06/24/14 12:00 AM,618938,8250666.64,340,13.41,13.5,13.19,13.33
"EGS48031C016",06/25/14 12:00 AM,603017,8011602.52,293,13.2,13.4,13.15,13.29
"EGS48031C016",06/26/14 12:00 AM,657557,8721371.69,373,13.42,13.55,13.14,13.26
"EGS48031C016",06/29/14 12:00 AM,38576,511812.29,47,13.15,13.33,13.15,13.27
"EGS48031C016",06/30/14 12:00 AM,770043,10317513.3,261,13.35,13.5,13.3,13.4
"EGS48031C016",07/02/14 12:00 AM,778319,10307382.28,394,13.4,13.4,13.08,13.24
"EGS48031C016",07/03/14 12:00 AM,310739,4176086.91,140,13.45,13.5,13.37,13.44
"EGS48031C016",07/06/14 12:00 AM,385842,5199871.4,210,13.45,13.6,13.21,13.48
"EGS48031C016",07/07/14 12:00 AM,228559,3059921.84,129,13.41,13.49,13.35,13.39
"EGS48031C016",07/08/14 12:00 AM,492291,6649401.52,206,13.31,13.6,13.31,13.51
"EGS48031C016",07/09/14 12:00 AM,636282,8617827.53,349,13.51,13.72,13.39,13.54
"EGS48031C016",07/10/14 12:00 AM,1026397,13707794.68,167,13.49,13.5,13.3,13.36
"EGS48031C016",07/13/14 12:00 AM,158098,2116106.92,58,13.36,13.42,13.35,13.38
"EGS48031C016",07/14/14 12:00 AM,124146,1676114.02,132,13.34,13.59,13.34,13.5
"EGS48031C016",07/15/14 12:00 AM,1769179,24083586.98,333,13.55,13.8,13.5,13.61
"EGS48031C016",07/16/14 12:00 AM,492543,6651989,258,13.8,13.8,13.38,13.51
"EGS48031C016",07/17/14 12:00 AM,184058,2497361.22,121,13.38,13.6,13.38,13.57
"EGS48031C016",07/20/14 12:00 AM,898268,12026216.06,138,13.46,13.46,13.35,13.39
"EGS48031C016",07/21/14 12:00 AM,218037,2910963.96,80,13.36,13.4,13.3,13.35
"EGS48031C016",07/22/14 12:00 AM,201900,2708705.41,104,13.5,13.53,13.35,13.42
"EGS48031C016",07/24/14 12:00 AM,854363,11477045.45,217,13.48,13.49,13.4,13.43
"EGS48031C016",07/27/14 12:00 AM,535920,7207587.65,123,13.46,13.5,13.4,13.45
"EGS48031C016",07/31/14 12:00 AM,1377471,18405449.37,502,13.44,13.5,13.2,13.36
"EGS48031C016",08/03/14 12:00 AM,158174,2116352.3,143,13.24,13.4,13.24,13.38
"EGS48031C016",08/04/14 12:00 AM,506722,6783791.19,306,13.36,13.45,13.32,13.39
"EGS48031C016",08/05/14 12:00 AM,1484612,20299677.85,428,13.4,13.75,13.4,13.67
"EGS48031C016",08/06/14 12:00 AM,1120153,15313697.1,304,13.71,13.71,13.56,13.67
"EGS48031C016",08/07/14 12:00 AM,391556,5376675.39,291,13.7,13.8,13.66,13.73
"EGS48031C016",08/10/14 12:00 AM,156321,2146238.54,134,13.67,13.89,13.57,13.73
"EGS48031C016",08/11/14 12:00 AM,245800,3384438.88,197,13.71,13.85,13.71,13.77
"EGS48031C016",08/12/14 12:00 AM,226153,3131254.15,183,13.7,13.95,13.7,13.85
"EGS48031C016",08/13/14 12:00 AM,293247,4025356.29,230,13.81,13.81,13.65,13.73
"EGS48031C016",08/14/14 12:00 AM,986710,13487147.64,482,13.79,13.79,13.6,13.67
"EGS48031C016",08/17/14 12:00 AM,159245,2175079.57,168,13.63,13.73,13.59,13.66
"EGS48031C016",08/18/14 12:00 AM,1027835,14063859.68,382,13.65,13.79,13.6,13.68
"EGS48031C016",08/19/14 12:00 AM,320950,4396497.13,219,13.75,13.75,13.6,13.7
"EGS48031C016",08/20/14 12:00 AM,608847,8335544.27,310,13.65,13.75,13.6,13.69
"EGS48031C016",08/21/14 12:00 AM,521218,7108251.44,327,13.64,13.7,13.6,13.64
"EGS48031C016",08/24/14 12:00 AM,482821,6615329.91,221,13.65,13.79,13.61,13.7
"EGS48031C016",08/25/14 12:00 AM,966324,13234392.65,334,13.74,13.76,13.63,13.7
"EGS48031C016",08/26/14 12:00 AM,1176951,16583177.05,657,13.71,14.5,13.64,14.09
"EGS48031C016",08/27/14 12:00 AM,1033541,14897491.85,552,14.5,14.65,14.19,14.41
"EGS48031C016",08/28/14 12:00 AM,1197470,17253092.57,634,14.25,14.59,14.23,14.41
"EGS48031C016",08/31/14 12:00 AM,307706,4415381.21,212,14.47,14.51,14.2,14.35
"EGS48031C016",09/01/14 12:00 AM,215010,3063868.05,207,14.32,14.39,14.16,14.25
"EGS48031C016",09/02/14 12:00 AM,298143,4282619.54,194,14.39,14.49,14.28,14.36
"EGS48031C016",09/03/14 12:00 AM,663217,9405512.49,383,14.36,14.4,14.05,14.18
"EGS48031C016",09/04/14 12:00 AM,5012125,74361290.28,1379,14.3,15.14,14.3,14.84
"EGS48031C016",09/07/14 12:00 AM,1671474,25369446.22,749,15,15.35,15,15.18
"EGS48031C016",09/08/14 12:00 AM,2148469,32215379.29,804,15.19,15.21,14.89,14.99
"EGS48031C016",09/09/14 12:00 AM,956690,14206209.59,537,14.9,14.99,14.73,14.85
"EGS48031C016",09/10/14 12:00 AM,3357944,50166560.58,1004,14.73,15.25,14.5,14.94
"EGS48031C016",09/11/14 12:00 AM,922076,13416690.33,414,14.65,14.88,14.28,14.55
"EGS48031C016",09/14/14 12:00 AM,891463,12748883.97,338,14.65,14.75,14.1,14.3
"EGS48031C016",09/15/14 12:00 AM,809031,11669512.33,390,14.2,14.6,14.2,14.42
"EGS48031C016",09/16/14 12:00 AM,684986,9891055.39,254,14.5,14.65,14.23,14.44
"EGS48031C016",09/17/14 12:00 AM,536038,7700671.02,193,14.23,14.42,14.23,14.37
"EGS48031C016",09/18/14 12:00 AM,1187938,17430034.19,562,14.44,14.81,14.35,14.67
"EGS48031C016",09/21/14 12:00 AM,266871,3897292.14,210,14.85,14.9,14.42,14.6
"EGS48031C016",09/22/14 12:00 AM,616219,8982426.06,236,14.51,14.75,14.4,14.58
"EGS48031C016",09/23/14 12:00 AM,348929,5099680.51,213,14.6,14.71,14.54,14.62
"EGS48031C016",09/24/14 12:00 AM,684114,9858111.28,309,14.54,14.57,14.34,14.41
"EGS48031C016",09/25/14 12:00 AM,903301,12931662.67,391,14.37,14.6,14.15,14.32
"EGS48031C016",09/28/14 12:00 AM,898631,12703736.81,428,14.12,14.59,13.92,14.14
"EGS48031C016",09/29/14 12:00 AM,949981,13322837.96,380,14,14.15,13.88,14.02
"EGS48031C016",09/30/14 12:00 AM,564588,7764832.6,396,13.97,13.97,13.63,13.75
"EGS48031C016",10/01/14 12:00 AM,439182,5946454.69,287,13.7,13.75,13.45,13.54
"EGS48031C016",10/02/14 12:00 AM,414451,5625809.31,294,13.52,13.68,13.45,13.57
"EGS48031C016",10/08/14 12:00 AM,969763,13061652.3,535,13.71,13.71,13.26,13.47
"EGS48031C016",10/09/14 12:00 AM,478148,6374076.58,280,13.3,13.5,13.25,13.33
"EGS48031C016",10/12/14 12:00 AM,430603,5564729.85,305,13.3,13.31,12.7,12.92
"EGS48031C016",10/13/14 12:00 AM,1472752,19342330.3,436,12.85,13.37,12.8,13.13
"EGS48031C016",10/14/14 12:00 AM,1147706,14756794.94,567,13.3,13.3,12.67,12.86
"EGS48031C016",10/15/14 12:00 AM,665577,8615704.6,336,12.93,13.05,12.76,12.94
"EGS48031C016",10/16/14 12:00 AM,798294,10023416.88,431,12.89,12.89,12.26,12.56
"EGS48031C016",10/19/14 12:00 AM,476997,5932739.59,273,12.5,12.6,12.26,12.44
"EGS48031C016",10/20/14 12:00 AM,1074251,13375804.38,487,12.44,12.65,12.36,12.45
"EGS48031C016",10/21/14 12:00 AM,518786,6503645.51,192,12.45,12.74,12.45,12.54
"EGS48031C016",10/22/14 12:00 AM,499042,6300564.87,339,12.6,12.8,12.53,12.63
"EGS48031C016",10/23/14 12:00 AM,1411801,17723306.65,519,12.61,12.79,12.45,12.55
"EGS48031C016",10/26/14 12:00 AM,871056,11410056.69,555,12.8,13.5,12.77,13.1
"EGS48031C016",10/27/14 12:00 AM,606179,7886465.22,412,12.82,13.15,12.82,13.01
"EGS48031C016",10/28/14 12:00 AM,1463905,19578357.32,601,13.01,13.7,13.01,13.37
"EGS48031C016",10/29/14 12:00 AM,804692,10879892.33,474,13.65,13.7,13.49,13.52
"EGS48031C016",10/30/14 12:00 AM,593489,8072216.84,384,13.64,13.72,13.5,13.6
"EGS48031C016",11/02/14 12:00 AM,352848,4806756.97,180,13.74,13.75,13.55,13.62
"EGS48031C016",11/03/14 12:00 AM,1650104,22959432.07,683,13.69,14.1,13.62,13.91
"EGS48031C016",11/04/14 12:00 AM,1754630,25134565.19,869,14,14.52,13.98,14.32
"EGS48031C016",11/05/14 12:00 AM,1979613,29197368.05,972,14.4,15.02,14.31,14.75
"EGS48031C016",11/06/14 12:00 AM,1126670,16741277.38,584,14.93,14.95,14.75,14.86
"EGS48031C016",11/09/14 12:00 AM,1413353,21319203.16,738,14.85,15.39,14.85,15.08
"EGS48031C016",11/10/14 12:00 AM,1741576,26302575.38,734,15.01,15.33,15,15.1
"EGS48031C016",11/11/14 12:00 AM,1584922,23805808.23,704,15.28,15.3,15,15.02
"EGS48031C016",11/12/14 12:00 AM,994390,14786301.09,511,15,15.02,14.63,14.87
"EGS48031C016",11/13/14 12:00 AM,249164,3663196.92,213,14.81,14.9,14.5,14.7
"EGS48031C016",11/16/14 12:00 AM,378518,5424186.75,197,14.7,14.7,14.15,14.33
"EGS48031C016",11/17/14 12:00 AM,464636,6624361.49,284,14.35,14.45,14.05,14.26
"EGS48031C016",11/18/14 12:00 AM,269269,3846510.12,215,14.26,14.4,14.22,14.29
"EGS48031C016",11/19/14 12:00 AM,286078,4098646.35,244,14.31,14.36,14.26,14.33
"EGS48031C016",11/20/14 12:00 AM,221607,3190790.24,171,14.49,14.56,14.15,14.4
"EGS48031C016",11/23/14 12:00 AM,516144,7419501.72,283,14.22,14.48,14.14,14.37
"EGS48031C016",11/24/14 12:00 AM,595800,8396808.65,254,14.36,14.45,13.8,14.09
"EGS48031C016",11/25/14 12:00 AM,1060578,15097209.98,410,13.76,14.4,13.76,14.23
"EGS48031C016",11/26/14 12:00 AM,931943,13386476.59,356,14.31,14.41,14.25,14.36
"EGS48031C016",11/27/14 12:00 AM,286275,4127242.82,176,14.27,14.55,14.27,14.42
"EGS48031C016",11/30/14 12:00 AM,102560,1459838.24,118,14.36,14.38,14.07,14.23
"EGS48031C016",12/01/14 12:00 AM,792553,11241176.49,304,14.24,14.39,13.96,14.18
"EGS48031C016",12/02/14 12:00 AM,1454587,19993767.48,420,14.19,14.19,13.65,13.75
"EGS48031C016",12/03/14 12:00 AM,1462113,19956209.25,613,13.75,13.75,13.55,13.65
"EGS48031C016",12/04/14 12:00 AM,2620627,36017301.48,625,13.8,13.99,13.65,13.74
"EGS48031C016",12/07/14 12:00 AM,1042304,14290266.55,405,13.8,13.87,13.59,13.71
"EGS48031C016",12/08/14 12:00 AM,1033437,14068858.83,460,13.74,13.79,13.51,13.61
"EGS48031C016",12/09/14 12:00 AM,2397859,32113481.64,497,13.58,13.61,13.2,13.39
"EGS48031C016",12/10/14 12:00 AM,597209,7900146.46,286,13.39,13.41,13.09,13.23
"EGS48031C016",12/11/14 12:00 AM,829409,10714365.96,496,13.16,13.18,12.75,12.92
"EGS48031C016",12/14/14 12:00 AM,872309,10851863.67,531,13,13,12.07,12.44
"EGS48031C016",12/15/14 12:00 AM,869736,10837683.45,691,12.67,12.68,12.11,12.46
"EGS48031C016",12/16/14 12:00 AM,2414776,29170291.85,878,12.51,12.65,11.8,12.08
"EGS48031C016",12/17/14 12:00 AM,2285996,25767598.71,986,12.28,12.28,10.96,11.27
"EGS48031C016",12/18/14 12:00 AM,1701891,19680968.11,971,11.48,12,11.39,11.56
"EGS48031C016",12/21/14 12:00 AM,1426219,16869704.07,757,11.95,12.1,11.6,11.83
"EGS48031C016",12/22/14 12:00 AM,1187503,14104373.91,533,11.75,12.05,11.65,11.88
"EGS48031C016",12/23/14 12:00 AM,2207296,26336323.09,605,11.98,12.2,11.72,11.93
"EGS48031C016",12/24/14 12:00 AM,1921137,22993292.27,763,11.97,12.22,11.8,11.97
"EGS48031C016",12/25/14 12:00 AM,1864722,22554271.06,799,11.97,12.32,11.88,12.1
"EGS48031C016",12/28/14 12:00 AM,969376,11544127.65,448,12.04,12.04,11.85,11.91
"EGS48031C016",12/29/14 12:00 AM,1487173,17983119.83,537,12,12.3,11.9,12.09
"EGS48031C016",12/30/14 12:00 AM,1469622,17703881.48,647,12.3,12.3,11.93,12.05
"EGS48031C016",12/31/14 12:00 AM,1185505,14127893.71,457,12.04,12.07,11.8,11.92
"EGS48031C016",01/04/15 12:00 AM,276406,3293931.63,204,11.97,12.1,11.8,11.92
"EGS48031C016",01/05/15 12:00 AM,1990844,24191311.38,929,12,12.42,11.97,12.15
"EGS48031C016",01/06/15 12:00 AM,1038493,12342382.74,673,11.82,12,11.8,11.88
"EGS48031C016",01/08/15 12:00 AM,1113162,13432194.95,783,12.03,12.21,11.93,12.07
"EGS48031C016",01/11/15 12:00 AM,681877,8164553.59,383,12.3,12.3,11.85,11.97
"EGS48031C016",01/12/15 12:00 AM,803532,9695941.2,528,11.86,12.15,11.86,12.07
"EGS48031C016",01/13/15 12:00 AM,2444770,30420975.35,1254,12.11,12.7,12.06,12.44
"EGS48031C016",01/14/15 12:00 AM,2142825,27271565.36,1656,12.56,12.93,12.46,12.73
"EGS48031C016",01/15/15 12:00 AM,1418654,17690145.15,822,12.7,12.72,12.26,12.47
"EGS48031C016",01/18/15 12:00 AM,519229,6396554.4,316,12.31,12.49,12.18,12.32
"EGS48031C016",01/19/15 12:00 AM,1427631,17416382.19,793,12.2,12.38,12.08,12.2
"EGS48031C016",01/20/15 12:00 AM,2781821,33999262.69,1271,12.29,12.5,12.05,12.22
"EGS48031C016",01/21/15 12:00 AM,1457814,18014253.95,794,12.2,12.54,12.2,12.36
"EGS48031C016",01/22/15 12:00 AM,1022106,12621842.88,635,12.41,12.5,12.24,12.35
"EGS48031C016",01/26/15 12:00 AM,487930,5966588.34,526,12.31,12.35,12.13,12.23
"EGS48031C016",01/27/15 12:00 AM,841006,10316037.16,670,12.23,12.45,12.18,12.27
"EGS48031C016",01/28/15 12:00 AM,554934,6800533.91,259,12.22,12.34,12.18,12.25
"EGS48031C016",01/29/15 12:00 AM,960941,11731462.04,551,12.3,12.35,12.1,12.21
"EGS48031C016",02/01/15 12:00 AM,285870,3495962.67,187,12.16,12.3,12.13,12.23
"EGS48031C016",02/02/15 12:00 AM,491866,6014931.03,300,12.25,12.29,12.16,12.23
"EGS48031C016",02/03/15 12:00 AM,982976,12144169.22,484,12.25,12.46,12.22,12.35
"EGS48031C016",02/04/15 12:00 AM,537889,6648172.9,397,12.33,12.43,12.3,12.36
"EGS48031C016",02/05/15 12:00 AM,2021809,24664272.76,633,12.3,12.3,12.15,12.2
"EGS48031C016",02/08/15 12:00 AM,372493,4536011.43,212,12.18,12.34,12.13,12.18
"EGS48031C016",02/09/15 12:00 AM,304903,3707747.72,242,12.13,12.2,12.1,12.16
"EGS48031C016",02/10/15 12:00 AM,420812,5122574.92,338,12.24,12.24,12.11,12.17
"EGS48031C016",02/11/15 12:00 AM,420860,5063103.26,395,12.2,12.2,11.86,12.03
"EGS48031C016",02/12/15 12:00 AM,399677,4784589.56,259,11.9,12.02,11.84,11.97
"EGS48031C016",02/15/15 12:00 AM,231979,2773889.02,202,11.99,12.03,11.87,11.96
"EGS48031C016",02/16/15 12:00 AM,385126,4560677.08,270,11.86,11.95,11.76,11.84
"EGS48031C016",02/17/15 12:00 AM,925539,10870858.12,444,11.81,11.88,11.58,11.75
"EGS48031C016",02/18/15 12:00 AM,816349,9567825.32,290,11.86,11.86,11.68,11.72
"EGS48031C016",02/19/15 12:00 AM,687227,8080738.23,247,11.83,11.86,11.7,11.76
"EGS48031C016",02/22/15 12:00 AM,474765,5608518.01,210,11.73,11.9,11.7,11.81
"EGS48031C016",02/23/15 12:00 AM,340515,4060357.13,326,11.95,12,11.8,11.92
"EGS48031C016",02/24/15 12:00 AM,632171,7524402.39,288,11.97,12,11.82,11.9
"EGS48031C016",02/25/15 12:00 AM,400551,4764824.27,363,11.98,11.98,11.84,11.9
"EGS48031C016",02/26/15 12:00 AM,1171185,13672490.44,442,11.86,11.9,11.58,11.67
"EGS48031C016",03/01/15 12:00 AM,356382,4137774.92,223,11.86,11.86,11.55,11.61
"EGS48031C016",03/02/15 12:00 AM,673111,8008585.52,338,11.7,11.98,11.7,11.9
"EGS48031C016",03/03/15 12:00 AM,401274,4758915.6,385,11.83,11.98,11.81,11.86
"EGS48031C016",03/04/15 12:00 AM,461431,5490887.81,164,11.8,11.94,11.8,11.9
"EGS48031C016",03/05/15 12:00 AM,1335791,16015221.36,264,11.93,12.01,11.91,11.99
"EGS48031C016",03/08/15 12:00 AM,742497,8903957.03,134,12,12,11.9,11.99
"EGS48031C016",03/09/15 12:00 AM,581892,6952366.72,243,11.93,11.99,11.87,11.95
"EGS48031C016",03/10/15 12:00 AM,1986801,23010539.73,993,11.94,11.95,11.29,11.58
"EGS48031C016",03/11/15 12:00 AM,1613303,18156184.07,793,11.5,11.5,11.15,11.25
"EGS48031C016",03/12/15 12:00 AM,947617,10650715.55,562,11.21,11.34,11.19,11.24
"EGS48031C016",03/15/15 12:00 AM,278253,3137076.47,241,11.41,11.46,11.18,11.27
"EGS48031C016",03/16/15 12:00 AM,429288,4769330.58,326,11.25,11.25,11.04,11.11
"EGS48031C016",03/17/15 12:00 AM,462944,5145116.36,237,11.18,11.23,11,11.11
"EGS48031C016",03/18/15 12:00 AM,660853,7345748.56,326,11.02,11.29,11,11.12
"EGS48031C016",03/19/15 12:00 AM,1553541,17294628.47,598,11.16,11.17,10.95,11.13
"EGS48031C016",03/22/15 12:00 AM,142611,1562763.8,142,11.01,11.05,10.92,10.96
"EGS48031C016",03/23/15 12:00 AM,1489691,15870983.83,1310,10.92,10.92,10.5,10.65
"EGS48031C016",03/24/15 12:00 AM,1050755,11171438.96,566,10.74,10.81,10.59,10.63
"EGS48031C016",03/25/15 12:00 AM,1486234,15933566.87,660,10.5,10.83,10.35,10.72
"EGS48031C016",03/26/15 12:00 AM,813273,8718462.53,451,10.71,10.8,10.5,10.72
"EGS48031C016",03/29/15 12:00 AM,241394,2595160.87,150,10.73,10.86,10.62,10.75
"EGS48031C016",03/30/15 12:00 AM,748769,8313152.1,477,10.7,11.25,10.7,11.1
"EGS48031C016",03/31/15 12:00 AM,1254263,14028377.9,415,11.11,11.36,11,11.18
"EGS48031C016",04/01/15 12:00 AM,275497,3011586.29,196,11.2,11.2,10.85,10.93
"EGS48031C016",04/02/15 12:00 AM,899319,9711314.15,245,10.99,10.99,10.78,10.8
"EGS48031C016",04/05/15 12:00 AM,761166,8142969.87,252,10.75,10.85,10.66,10.7
"EGS48031C016",04/06/15 12:00 AM,814560,8709201.27,396,10.7,10.81,10.42,10.69
"EGS48031C016",04/07/15 12:00 AM,569844,6153862.47,370,10.82,10.88,10.7,10.8
"EGS48031C016",04/08/15 12:00 AM,872557,9569642.65,491,10.6,11.1,10.6,10.97
"EGS48031C016",04/09/15 12:00 AM,398619,4417359.54,354,10.95,11.24,10.85,11.08
"EGS48031C016",04/14/15 12:00 AM,1421445,15696951.52,391,11.1,11.2,11,11.04
"EGS48031C016",04/15/15 12:00 AM,973170,10527404.03,382,11.1,11.1,10.59,10.82
"EGS48031C016",04/16/15 12:00 AM,1101791,11890087.44,413,10.88,10.9,10.72,10.79
"EGS48031C016",04/19/15 12:00 AM,127897,1376149.84,102,10.81,10.85,10.7,10.76
"EGS48031C016",04/20/15 12:00 AM,890443,9378093.85,530,10.7,10.78,10.4,10.53
"EGS48031C016",04/21/15 12:00 AM,677505,7013625.87,356,10.38,10.5,10.2,10.35
"EGS48031C016",04/22/15 12:00 AM,2025960,20503296.16,719,10.33,10.33,9.98,10.12
"EGS48031C016",04/23/15 12:00 AM,1409374,14536908.63,537,10.16,10.3,10.13,10.19
"EGS48031C016",04/26/15 12:00 AM,697793,7070223.94,369,10.18,10.2,10.06,10.13
"EGS48031C016",04/27/15 12:00 AM,798874,8026017.66,477,10.06,10.18,9.76,10.05
"EGS48031C016",04/28/15 12:00 AM,1074554,10423758.73,528,9.78,9.78,9.51,9.7
"EGS48031C016",04/29/15 12:00 AM,2768311,27048411.7,749,9.72,9.88,9.7,9.77
"EGS48031C016",04/30/15 12:00 AM,847089,8358184.83,655,9.84,10,9.75,9.87
"EGS48031C016",05/03/15 12:00 AM,401813,3911957.21,485,9.85,9.85,9.65,9.74
"EGS48031C016",05/04/15 12:00 AM,331095,3217829.46,207,9.7,9.8,9.63,9.72
"EGS48031C016",05/05/15 12:00 AM,790579,7781621.4,407,9.85,9.92,9.77,9.84
"EGS48031C016",05/06/15 12:00 AM,348858,3432593.4,193,9.84,9.92,9.8,9.84
"EGS48031C016",05/07/15 12:00 AM,1015622,9856594.58,600,9.79,9.9,9.53,9.7
"EGS48031C016",05/10/15 12:00 AM,880879,8286800.57,594,9.58,9.75,9.3,9.41
"EGS48031C016",05/11/15 12:00 AM,1137828,10568954.6,545,9.4,9.41,9.11,9.29
"EGS48031C016",05/12/15 12:00 AM,378712,3456712.06,289,9.12,9.25,9.05,9.13
"EGS48031C016",05/13/15 12:00 AM,9043807,76189048.64,2565,9.05,9.05,8.22,8.42
"EGS48031C016",05/14/15 12:00 AM,5761529,45351090.7,2403,8.25,8.25,7.67,7.87
"EGS48031C016",05/17/15 12:00 AM,2765307,22202468.25,1179,7.95,8.23,7.86,8.03
"EGS48031C016",05/18/15 12:00 AM,8517281,74518079.76,1327,8.06,8.83,8.06,8.75
"EGS48031C016",05/19/15 12:00 AM,3046806,25906186.9,1366,9,9,8.26,8.5
"EGS48031C016",05/20/15 12:00 AM,4746694,40686805.14,1753,8.34,8.8,8.2,8.57
"EGS48031C016",05/21/15 12:00 AM,2154810,18748274.17,804,8.65,8.81,8.58,8.7
"EGS48031C016",05/24/15 12:00 AM,3314027,29293095.7,1293,8.71,9.03,8.65,8.84
"EGS48031C016",05/25/15 12:00 AM,1518957,13497868,701,8.94,9,8.78,8.89
"EGS48031C016",05/26/15 12:00 AM,5850348,50479598.8,1930,8.84,8.85,8.5,8.63
"EGS48031C016",05/27/15 12:00 AM,4718836,42542318.79,1203,8.85,9.15,8.83,9.02
"EGS48031C016",05/28/15 12:00 AM,9144845,79231365.01,2532,8.51,8.87,8.5,8.66
"EGS48031C016",05/31/15 12:00 AM,2403322,20260187.87,834,8.6,8.66,8.33,8.43
"EGS48031C016",06/01/15 12:00 AM,2331964,19541089.11,637,8.53,8.57,8.32,8.38
"EGS48031C016",06/02/15 12:00 AM,27165198,231919552.6,8199,8.34,8.81,8,8.54
"EGS48031C016",06/03/15 12:00 AM,3652656,31799559.84,1266,8.81,8.85,8.58,8.71
"EGS48031C016",06/04/15 12:00 AM,4594113,39311495.55,1735,8.56,8.7,8.43,8.56
"EGS48031C016",06/07/15 12:00 AM,1801265,15339988.83,1055,8.55,8.6,8.44,8.52
"EGS48031C016",06/08/15 12:00 AM,4240416,35705636.98,1717,8.52,8.67,8.2,8.42
"EGS48031C016",06/09/15 12:00 AM,3055024,25324174.93,1666,8.3,8.36,8.18,8.29
"EGS48031C016",06/10/15 12:00 AM,2058962,16985342.48,998,8.32,8.48,8.18,8.25
"EGS48031C016",06/11/15 12:00 AM,2101773,17331098.82,745,8.23,8.31,8.13,8.25
"EGS48031C016",06/14/15 12:00 AM,619039,5067511.15,432,8.29,8.29,8.15,8.19
"EGS48031C016",06/15/15 12:00 AM,1511618,12333959.6,700,8.19,8.25,8.1,8.16
"EGS48031C016",06/16/15 12:00 AM,986443,8106224.31,473,8.19,8.28,8.16,8.22
"EGS48031C016",06/17/15 12:00 AM,3333799,27538782.52,750,8.21,8.33,8.17,8.26
"EGS48031C016",06/18/15 12:00 AM,3644168,30133814.97,637,8.25,8.37,8.24,8.27
"EGS48031C016",06/21/15 12:00 AM,640368,5249973.51,234,8.29,8.3,8.15,8.2
"EGS48031C016",06/22/15 12:00 AM,1869930,15105354,726,8.16,8.16,8,8.08
"EGS48031C016",06/23/15 12:00 AM,1492876,11956442.58,895,8,8.06,7.98,8.01
"EGS48031C016",06/24/15 12:00 AM,912522,7319564.03,546,8.12,8.13,7.98,8.02
"EGS48031C016",06/25/15 12:00 AM,1309625,10518538.08,531,8,8.19,7.97,8.03
"EGS48031C016",06/28/15 12:00 AM,1100127,9066963.81,405,8.15,8.35,8.15,8.24
"EGS48031C016",06/29/15 12:00 AM,939503,7600177.29,220,8.2,8.2,8.05,8.09
"EGS48031C016",07/02/15 12:00 AM,5415567,44424270.52,1134,8.05,8.28,8,8.2
"EGS48031C016",07/05/15 12:00 AM,1427034,11702242.2,440,8.26,8.26,8.14,8.2
"EGS48031C016",07/06/15 12:00 AM,2016397,16161490.6,923,8.08,8.1,7.88,8.02
"EGS48031C016",07/07/15 12:00 AM,3157218,25101471.82,530,8.04,8.1,7.77,7.95
"EGS48031C016",07/08/15 12:00 AM,2659816,20713668.04,404,7.89,8,7.64,7.79
"EGS48031C016",07/09/15 12:00 AM,1125325,8731485.72,329,7.73,7.85,7.69,7.76
"EGS48031C016",07/12/15 12:00 AM,254785,2000128.91,181,7.8,7.89,7.8,7.85
"EGS48031C016",07/13/15 12:00 AM,621703,4854341.62,252,7.86,7.91,7.7,7.81
"EGS48031C016",07/14/15 12:00 AM,1254295,9791539.27,353,7.88,7.89,7.78,7.81
"EGS48031C016",07/15/15 12:00 AM,1530568,12205453.24,465,7.88,8.05,7.88,7.97
"EGS48031C016",07/16/15 12:00 AM,1158079,9333723.88,350,8.1,8.19,8,8.06
"EGS48031C016",07/21/15 12:00 AM,2923990,23460772.3,503,8.06,8.14,7.91,8.02
"EGS48031C016",07/22/15 12:00 AM,1147044,9165371.83,410,8,8.03,7.95,7.99
"EGS48031C016",07/26/15 12:00 AM,401829,3205327.7,200,8.01,8.05,7.87,7.98
"EGS48031C016",07/27/15 12:00 AM,547884,4305775.94,222,7.9,7.95,7.81,7.86
"EGS48031C016",07/28/15 12:00 AM,364346,2896571.52,146,7.88,7.99,7.84,7.95
"EGS48031C016",07/29/15 12:00 AM,540276,4330654.59,265,8,8.08,7.97,8.02
"EGS48031C016",07/30/15 12:00 AM,591710,4728756.52,277,7.98,8.07,7.93,7.99
"EGS48031C016",08/02/15 12:00 AM,329590,2637990.24,164,7.99,8.11,7.96,8
"EGS48031C016",08/03/15 12:00 AM,316117,2514261.37,153,7.95,8,7.91,7.95
"EGS48031C016",08/04/15 12:00 AM,592252,4717095.12,236,8,8.06,7.91,7.96
"EGS48031C016",08/05/15 12:00 AM,312537,2474136.7,166,7.96,7.97,7.88,7.92
"EGS48031C016",08/09/15 12:00 AM,524377,4169034.97,306,7.91,8.03,7.82,7.95
"EGS48031C016",08/10/15 12:00 AM,1065339,8622124.54,487,8,8.2,8,8.09
"EGS48031C016",08/11/15 12:00 AM,1258553,10233968.52,343,8.09,8.23,8.03,8.13
"EGS48031C016",08/12/15 12:00 AM,304202,2414135.8,205,8,8.02,7.9,7.94
"EGS48031C016",08/13/15 12:00 AM,299253,2364543.04,199,7.94,7.96,7.83,7.9
"EGS48031C016",08/16/15 12:00 AM,477237,3706706.9,178,7.85,7.86,7.55,7.77
"EGS48031C016",08/17/15 12:00 AM,744646,5735691.59,174,7.54,7.8,7.54,7.7
"EGS48031C016",08/18/15 12:00 AM,994355,7546386.83,286,7.7,7.7,7.41,7.59
"EGS48031C016",08/19/15 12:00 AM,323519,2409552.47,198,7.43,7.58,7.27,7.45
"EGS48031C016",08/20/15 12:00 AM,340264,2508814.74,205,7.4,7.47,7.33,7.37
"EGS48031C016",08/23/15 12:00 AM,1438035,9810678.44,484,7.32,7.32,6.64,6.82
"EGS48031C016",08/24/15 12:00 AM,2818784,18291422.75,847,6.64,6.74,6.4,6.49
"EGS48031C016",08/25/15 12:00 AM,1171070,7771971.62,711,6.48,6.77,6.48,6.64
"EGS48031C016",08/26/15 12:00 AM,568966,3727042.09,340,6.69,6.69,6.5,6.55
"EGS48031C016",08/27/15 12:00 AM,1673915,11255741.01,616,6.71,6.79,6.66,6.72
"EGS48031C016",08/30/15 12:00 AM,1464639,10145653.21,479,6.86,7.11,6.76,6.93
"EGS48031C016",08/31/15 12:00 AM,1503772,10495532.07,588,6.85,7.14,6.83,6.98
"EGS48031C016",09/01/15 12:00 AM,636286,4381513.14,344,6.92,6.97,6.82,6.89
"EGS48031C016",09/02/15 12:00 AM,757409,5266206.85,283,6.84,7.08,6.82,6.95
"EGS48031C016",09/03/15 12:00 AM,1396118,9825209.52,473,7.06,7.12,6.93,7.04
"EGS48031C016",09/06/15 12:00 AM,845564,5928594.17,276,7.04,7.08,6.97,7.01
"EGS48031C016",09/07/15 12:00 AM,1143572,7893137.52,488,7.01,7.03,6.82,6.9
"EGS48031C016",09/08/15 12:00 AM,2225210,14940402.23,585,6.82,6.95,6.63,6.71
"EGS48031C016",09/09/15 12:00 AM,508817,3466692.57,195,6.76,6.9,6.76,6.81
"EGS48031C016",09/10/15 12:00 AM,725797,4925420.15,249,6.75,6.85,6.74,6.79
"EGS48031C016",09/13/15 12:00 AM,452345,3085014.05,187,6.76,6.89,6.76,6.82
"EGS48031C016",09/14/15 12:00 AM,1076235,7332429.84,292,6.82,6.87,6.77,6.81
"EGS48031C016",09/15/15 12:00 AM,768564,5209143.3,277,6.81,6.89,6.71,6.78
"EGS48031C016",09/16/15 12:00 AM,3224773,22977746.33,886,6.8,7.34,6.8,7.13
"EGS48031C016",09/17/15 12:00 AM,5191859,37555440.83,1085,7.34,7.41,6.99,7.23
"EGS48031C016",09/20/15 12:00 AM,641983,4516789.9,231,7.1,7.12,6.99,7.04
"EGS48031C016",09/21/15 12:00 AM,624501,4390879.76,261,7.05,7.12,6.97,7.03
"EGS48031C016",09/22/15 12:00 AM,454619,3185113.06,173,7.05,7.09,6.98,7.01
"EGS48031C016",09/28/15 12:00 AM,798693,5679485.84,252,7.08,7.2,7,7.11
"EGS48031C016",09/29/15 12:00 AM,980922,6881219.14,314,7.06,7.1,6.96,7.02
"EGS48031C016",09/30/15 12:00 AM,1252560,8746182.87,181,7,7.06,6.92,6.98
"EGS48031C016",10/01/15 12:00 AM,549390,3822219.1,200,6.99,7,6.93,6.96
"EGS48031C016",10/04/15 12:00 AM,193184,1336514.38,94,6.99,7,6.87,6.92
"EGS48031C016",10/05/15 12:00 AM,947773,6540348.62,175,6.86,6.95,6.86,6.9
"EGS48031C016",10/07/15 12:00 AM,2617886,18257612.78,236,6.92,7.03,6.92,6.97
"EGS48031C016",10/08/15 12:00 AM,1075867,7592856.43,344,7.05,7.09,7,7.06
"EGS48031C016",10/11/15 12:00 AM,597467,4229326.9,262,7.1,7.13,7,7.08
"EGS48031C016",10/12/15 12:00 AM,1410925,10077299.99,406,7.14,7.2,7.05,7.14
"EGS48031C016",10/13/15 12:00 AM,298366,2124946.97,170,7.09,7.16,7.08,7.12
"EGS48031C016",10/15/15 12:00 AM,506647,3567837.55,247,7.08,7.11,6.96,7.04
"EGS48031C016",10/18/15 12:00 AM,375842,2633356.07,141,7.01,7.04,6.98,7.01
"EGS48031C016",10/19/15 12:00 AM,706990,5031403.12,354,7.01,7.2,7.01,7.12
"EGS48031C016",10/20/15 12:00 AM,512786,3653546.91,256,7.2,7.24,7.04,7.12
"EGS48031C016",10/21/15 12:00 AM,674260,4799116.79,177,7.05,7.17,7.05,7.12
"EGS48031C016",10/22/15 12:00 AM,190014,1340574.9,139,7.07,7.15,7.01,7.06
"EGS48031C016",10/25/15 12:00 AM,265986,1887038.76,102,7.04,7.14,7.04,7.09
"EGS48031C016",10/26/15 12:00 AM,634645,4443844.2,366,7.11,7.11,6.96,7
"EGS48031C016",10/27/15 12:00 AM,469148,3260533.81,274,7.08,7.08,6.91,6.95
"EGS48031C016",10/28/15 12:00 AM,542352,3737661.99,249,6.93,6.94,6.85,6.89
"EGS48031C016",10/29/15 12:00 AM,993043,6845424,354,6.9,6.93,6.84,6.89
"EGS48031C016",11/01/15 12:00 AM,456595,3048466.44,303,6.88,6.89,6.59,6.68
"EGS48031C016",11/02/15 12:00 AM,321528,2158046.3,216,6.7,6.77,6.65,6.71
"EGS48031C016",11/03/15 12:00 AM,1088660,7262994.31,455,6.78,6.78,6.6,6.67
"EGS48031C016",11/04/15 12:00 AM,524013,3495395.25,124,6.7,6.71,6.61,6.67
"EGS48031C016",11/05/15 12:00 AM,762446,5128364.33,221,6.73,6.76,6.66,6.73
"EGS48031C016",11/08/15 12:00 AM,632389,4129606.3,311,6.68,6.68,6.42,6.53
"EGS48031C016",11/09/15 12:00 AM,586759,3813279,308,6.47,6.6,6.43,6.5
"EGS48031C016",11/10/15 12:00 AM,799482,5043124.41,397,6.47,6.55,6.2,6.31
"EGS48031C016",11/11/15 12:00 AM,797611,5072916,302,6.4,6.43,6.3,6.36
"EGS48031C016",11/12/15 12:00 AM,614326,3924446.17,201,6.41,6.44,6.31,6.39
"EGS48031C016",11/15/15 12:00 AM,400240,2465016.14,229,6.23,6.3,6.07,6.16
"EGS48031C016",11/16/15 12:00 AM,1894859,11963813.83,678,6.3,6.4,6.14,6.31
"EGS48031C016",11/17/15 12:00 AM,2572992,16286840.42,607,6.4,6.45,6.17,6.33
"EGS48031C016",11/18/15 12:00 AM,1077832,6712370.56,318,6.21,6.3,6.16,6.23
"EGS48031C016",11/19/15 12:00 AM,410020,2587895.96,199,6.27,6.37,6.27,6.31
"EGS48031C016",11/22/15 12:00 AM,1675329,10709943.77,374,6.35,6.54,6.23,6.39
"EGS48031C016",11/23/15 12:00 AM,360359,2271682.46,186,6.46,6.46,6.23,6.3
"EGS48031C016",11/24/15 12:00 AM,350151,2160814.36,205,6.24,6.31,6.1,6.17
"EGS48031C016",11/25/15 12:00 AM,1627319,10113517.75,349,6.17,6.27,6.14,6.21
"EGS48031C016",11/26/15 12:00 AM,2255674,14012092.96,395,6.2,6.38,6.14,6.21
"EGS48031C016",11/29/15 12:00 AM,1264053,7846783.45,83,6.27,6.28,6.15,6.21
"EGS48031C016",11/30/15 12:00 AM,857777,5339293.81,135,6.2,6.25,6.1,6.22
"EGS48031C016",12/01/15 12:00 AM,1027204,6408703.72,274,6.14,6.3,6.14,6.24
"EGS48031C016",12/02/15 12:00 AM,2775945,17576989.17,836,6.33,6.5,6.2,6.33
"EGS48031C016",12/03/15 12:00 AM,1634257,10554907.22,527,6.5,6.59,6.31,6.46
"EGS48031C016",12/06/15 12:00 AM,1460541,9356192.61,465,6.4,6.46,6.31,6.41
"EGS48031C016",12/07/15 12:00 AM,1600005,10139856.38,526,6.4,6.47,6.24,6.34
"EGS48031C016",12/08/15 12:00 AM,2473619,15385315.93,323,6.28,6.3,6.19,6.22
"EGS48031C016",12/09/15 12:00 AM,1583671,9901720.45,251,6.22,6.3,6.2,6.25
"EGS48031C016",12/10/15 12:00 AM,564646,3526334.32,226,6.21,6.35,6.19,6.25
"EGS48031C016",12/13/15 12:00 AM,760104,4652392.59,247,6.18,6.2,6.07,6.12
"EGS48031C016",12/14/15 12:00 AM,746841,4559454.94,388,6.19,6.2,6.01,6.1
"EGS48031C016",12/15/15 12:00 AM,559748,3424207.13,372,6.08,6.15,6.08,6.12
"EGS48031C016",12/16/15 12:00 AM,1528212,9387204.29,514,6.19,6.19,6.12,6.14
"EGS48031C016",12/17/15 12:00 AM,978942,6107194.14,330,6.25,6.29,6.19,6.24
"EGS48031C016",12/20/15 12:00 AM,686651,4237212.05,332,6.2,6.25,6.14,6.17
"EGS48031C016",12/21/15 12:00 AM,519133,3211539.97,235,6.15,6.23,6.11,6.19
"EGS48031C016",12/22/15 12:00 AM,825890,5171033.75,351,6.23,6.32,6.17,6.26
"EGS48031C016",12/24/15 12:00 AM,877436,5546435.33,351,6.3,6.37,6.26,6.32
"EGS48031C016",12/27/15 12:00 AM,662388,4121686.84,262,6.24,6.36,6.2,6.22
"EGS48031C016",12/28/15 12:00 AM,665981,4119272.2,295,6.26,6.26,6.14,6.19
"EGS48031C016",12/29/15 12:00 AM,922995,5761666.37,319,6.19,6.32,6.18,6.24
"EGS48031C016",12/30/15 12:00 AM,3050669,19510193.39,721,6.3,6.59,6.26,6.4
"EGS48031C016",12/31/15 12:00 AM,2459805,15796392.26,872,6.45,6.5,6.35,6.42
"EGS48031C016",01/03/16 12:00 AM,1158946,7432514.58,462,6.42,6.48,6.38,6.41
"EGS48031C016",01/04/16 12:00 AM,950704,5952363.56,439,6.38,6.4,6.18,6.26
"EGS48031C016",01/05/16 12:00 AM,5188561,33988312.27,1532,6.25,6.76,6.21,6.55
"EGS48031C016",01/06/16 12:00 AM,4281363,28459622.26,1050,6.63,6.79,6.54,6.65
"EGS48031C016",01/10/16 12:00 AM,1515351,9716400.7,518,6.45,6.5,6.31,6.41
"EGS48031C016",01/11/16 12:00 AM,1709983,10850340.56,520,6.35,6.46,6.25,6.35
"EGS48031C016",01/12/16 12:00 AM,1217059,7636980.12,490,6.27,6.38,6.21,6.27
"EGS48031C016",01/13/16 12:00 AM,1944349,11927570.29,634,6.3,6.34,5.98,6.13
"EGS48031C016",01/14/16 12:00 AM,2326234,13388116.57,806,6.05,6.06,5.52,5.76
"EGS48031C016",01/17/16 12:00 AM,1401968,7933817.51,475,5.79,5.79,5.5,5.66
"EGS48031C016",01/18/16 12:00 AM,1143474,6636071.02,349,5.79,5.91,5.71,5.8
"EGS48031C016",01/19/16 12:00 AM,2091106,12553962.66,684,5.94,6.15,5.88,6
"EGS48031C016",01/20/16 12:00 AM,1359527,7826476.73,595,5.97,5.97,5.64,5.76
"EGS48031C016",01/21/16 12:00 AM,1218691,6926087.08,351,5.7,5.77,5.57,5.68
"EGS48031C016",01/24/16 12:00 AM,486387,2862335.04,225,5.88,6,5.8,5.88
"EGS48031C016",01/26/16 12:00 AM,852683,5058031.44,342,5.85,6.01,5.75,5.93
"EGS48031C016",01/27/16 12:00 AM,860328,5115337.78,319,6.04,6.06,5.88,5.95
"EGS48031C016",01/28/16 12:00 AM,1682028,10262333.79,616,5.95,6.18,5.95,6.1
"EGS48031C016",01/31/16 12:00 AM,872200,5296440.11,395,6.2,6.23,5.98,6.07
"EGS48031C016",02/01/16 12:00 AM,385801,2309106.41,172,6.01,6.03,5.9,5.99
"EGS48031C016",02/02/16 12:00 AM,1184556,7261479.32,388,6,6.24,6,6.13
"EGS48031C016",02/03/16 12:00 AM,698633,4341872.1,300,6.14,6.32,6.1,6.21
"EGS48031C016",02/04/16 12:00 AM,930757,5837229.66,329,6.29,6.35,6.2,6.27
"EGS48031C016",02/07/16 12:00 AM,335041,2085908.8,126,6.26,6.32,6.15,6.23
"EGS48031C016",02/08/16 12:00 AM,371064,2292319.08,180,6.27,6.31,6.1,6.18
"EGS48031C016",02/09/16 12:00 AM,884330,5534359.15,419,6.23,6.32,6.08,6.26
"EGS48031C016",02/10/16 12:00 AM,1497953,9707737.61,736,6.25,6.62,6.2,6.48
"EGS48031C016",02/11/16 12:00 AM,1475039,9365957.46,734,6.45,6.5,6.22,6.35
"EGS48031C016",02/14/16 12:00 AM,676455,4241850.48,220,6.4,6.45,6.19,6.27
"EGS48031C016",02/15/16 12:00 AM,407290,2560881.93,182,6.38,6.4,6.23,6.29
"EGS48031C016",02/16/16 12:00 AM,1027717,6466229.25,329,6.34,6.36,6.2,6.29
"EGS48031C016",02/17/16 12:00 AM,563857,3543667.51,294,6.21,6.33,6.21,6.28
"EGS48031C016",02/18/16 12:00 AM,340535,2136588.01,147,6.32,6.35,6.24,6.27
"EGS48031C016",02/21/16 12:00 AM,389976,2451197.67,159,6.29,6.3,6.24,6.29
"EGS48031C016",02/22/16 12:00 AM,690693,4399758.98,308,6.3,6.45,6.29,6.37
"EGS48031C016",02/23/16 12:00 AM,903921,5756944.5,390,6.34,6.45,6.28,6.37
"EGS48031C016",02/24/16 12:00 AM,210080,1318567.08,148,6.38,6.38,6.24,6.28
"EGS48031C016",02/25/16 12:00 AM,691765,4359050.26,175,6.35,6.35,6.28,6.3
"EGS48031C016",02/28/16 12:00 AM,2335287,15354149.11,710,6.35,6.72,6.35,6.57
"EGS48031C016",02/29/16 12:00 AM,2736516,18446075.8,740,6.75,6.86,6.6,6.74
"EGS48031C016",03/01/16 12:00 AM,1054281,7032783.14,351,6.72,6.73,6.6,6.67
"EGS48031C016",03/02/16 12:00 AM,1576889,10437797.29,460,6.7,6.75,6.43,6.62
"EGS48031C016",03/03/16 12:00 AM,933327,6235828.85,283,6.58,6.75,6.49,6.68
"EGS48031C016",03/06/16 12:00 AM,912449,6205855.53,317,6.78,6.89,6.72,6.8
"EGS48031C016",03/07/16 12:00 AM,1669676,11318143.03,474,6.8,7,6.65,6.78
"EGS48031C016",03/08/16 12:00 AM,945448,6344164.11,425,6.81,6.81,6.63,6.71
"EGS48031C016",03/09/16 12:00 AM,1147761,7655119.8,463,6.69,6.83,6.53,6.67
"EGS48031C016",03/10/16 12:00 AM,4488993,31963076.33,1286,7,7.23,6.99,7.12
"EGS48031C016",03/13/16 12:00 AM,1909157,13677073.12,1210,7.15,7.3,7.07,7.16
"EGS48031C016",03/14/16 12:00 AM,4125677,31135222.92,1061,7.2,7.85,7.19,7.55
"EGS48031C016",03/15/16 12:00 AM,2763458,21615745.14,1069,7.7,8.09,7.65,7.82
"EGS48031C016",03/16/16 12:00 AM,1338058,10578424.29,827,7.72,8.1,7.72,7.91
"EGS48031C016",03/17/16 12:00 AM,2270403,17817098.9,1012,7.88,8,7.7,7.85
"EGS48031C016",03/20/16 12:00 AM,1097685,8373393.5,480,7.73,7.9,7.46,7.63
"EGS48031C016",03/21/16 12:00 AM,770874,5807646.7,383,7.6,7.64,7.47,7.53
"EGS48031C016",03/22/16 12:00 AM,1413860,10552853.72,555,7.62,7.68,7.3,7.46
"EGS48031C016",03/23/16 12:00 AM,711295,5347252.32,289,7.4,7.58,7.4,7.52
"EGS48031C016",03/24/16 12:00 AM,2454284,19086165.54,873,7.67,7.92,7.57,7.78
"EGS48031C016",03/27/16 12:00 AM,1742433,13714877.04,592,7.93,8.14,7.7,7.87
"EGS48031C016",03/28/16 12:00 AM,1044372,8175589.15,250,7.88,7.9,7.74,7.83
"EGS48031C016",03/29/16 12:00 AM,1376690,10798974.21,679,7.83,8.04,7.73,7.84
"EGS48031C016",03/30/16 12:00 AM,3994235,32990205.42,1188,8,8.5,7.75,8.26
"EGS48031C016",03/31/16 12:00 AM,1586905,13060517.02,718,8.3,8.37,8.1,8.23
"EGS48031C016",04/03/16 12:00 AM,1117318,9090549.49,377,8.15,8.25,8.03,8.14
"EGS48031C016",04/04/16 12:00 AM,2017247,16982984.66,861,8.14,8.58,8.07,8.42
"EGS48031C016",04/05/16 12:00 AM,1001834,8619093.69,456,8.47,8.66,8.43,8.6
"EGS48031C016",04/06/16 12:00 AM,1993335,16619783.95,749,8.54,8.68,8.13,8.34
"EGS48031C016",04/07/16 12:00 AM,745847,6227154.98,332,8.2,8.46,8.17,8.35
"EGS48031C016",04/10/16 12:00 AM,1316645,11065807.24,511,8.4,8.56,8.16,8.4
"EGS48031C016",04/11/16 12:00 AM,853519,6973466.42,342,8.25,8.26,8.11,8.17
"EGS48031C016",04/12/16 12:00 AM,592320,4877093.79,296,8.19,8.31,8.12,8.23
"EGS48031C016",04/13/16 12:00 AM,374653,3125983.91,236,8.3,8.4,8.26,8.34
"EGS48031C016",04/14/16 12:00 AM,504917,4229327.97,244,8.3,8.4,8.26,8.38
"EGS48031C016",04/17/16 12:00 AM,946052,8045664.51,410,8.4,8.7,8.29,8.5
"EGS48031C016",04/18/16 12:00 AM,1093837,9496072.22,415,8.6,8.79,8.52,8.68
"EGS48031C016",04/19/16 12:00 AM,2057769,18337552.03,620,8.82,9,8.8,8.91
"EGS48031C016",04/20/16 12:00 AM,1348278,11682122.21,582,8.98,8.98,8.57,8.66
"EGS48031C016",04/21/16 12:00 AM,1025915,8846250.28,550,8.7,8.75,8.54,8.62
"EGS48031C016",04/24/16 12:00 AM,1353352,11682340.94,522,8.7,8.73,8.55,8.63
"EGS48031C016",04/26/16 12:00 AM,1572802,12598255.48,698,7.97,8.32,7.88,8.01
"EGS48031C016",04/27/16 12:00 AM,676323,5296905.57,337,7.94,7.96,7.71,7.83
"EGS48031C016",04/28/16 12:00 AM,682688,5313841.64,371,7.72,7.87,7.61,7.78
"EGS48031C016",05/03/16 12:00 AM,1459587,10996665.83,571,7.77,7.81,7.39,7.53
"EGS48031C016",05/04/16 12:00 AM,870477,6536238.87,343,7.45,7.7,7.4,7.51
"EGS48031C016",05/05/16 12:00 AM,1032468,8014751.92,467,7.77,7.88,7.7,7.76
"EGS48031C016",05/08/16 12:00 AM,1996019,15962607.67,847,7.79,8.21,7.7,8
"EGS48031C016",05/09/16 12:00 AM,1549587,12576981.76,626,8.15,8.25,7.97,8.12
"EGS48031C016",05/10/16 12:00 AM,1087916,8730353.6,521,8.05,8.15,7.82,8.02
"EGS48031C016",05/11/16 12:00 AM,876057,6965096.27,447,7.98,8.1,7.87,7.95
"EGS48031C016",05/12/16 12:00 AM,761072,6035779.01,423,7.96,8.04,7.87,7.93
"EGS48031C016",05/15/16 12:00 AM,376567,2935365.65,183,7.82,7.91,7.72,7.8
"EGS48031C016",05/16/16 12:00 AM,1173112,9114453.38,374,7.71,7.82,7.7,7.77
"EGS48031C016",05/17/16 12:00 AM,1490001,11881951.96,530,7.8,8.15,7.78,7.97
"EGS48031C016",05/18/16 12:00 AM,1566493,12678013.02,545,8.11,8.22,7.98,8.09
"EGS48031C016",05/19/16 12:00 AM,950277,7546324.54,339,7.97,8,7.82,7.94
"EGS48031C016",05/22/16 12:00 AM,480400,3814548.51,230,7.93,8,7.88,7.94
"EGS48031C016",05/23/16 12:00 AM,1625706,12935083.97,414,7.97,8.1,7.87,7.96
"EGS48031C016",05/24/16 12:00 AM,1585430,12965424.77,618,8.1,8.27,8.03,8.18
"EGS48031C016",05/25/16 12:00 AM,1794655,14973331.99,628,8.28,8.46,8.2,8.34
"EGS48031C016",05/26/16 12:00 AM,1502206,12518263.83,474,8.4,8.46,8.27,8.33
"EGS48031C016",05/29/16 12:00 AM,1367579,11476252.94,510,8.28,8.43,8.28,8.39
"EGS48031C016",05/30/16 12:00 AM,4472428,38540034.44,939,8.4,8.74,8.4,8.62
"EGS48031C016",05/31/16 12:00 AM,2852025,24946981.72,937,8.42,8.96,8.42,8.75
"EGS48031C016",06/01/16 12:00 AM,2285643,20735594.89,808,8.95,9.28,8.9,9.07
"EGS48031C016",06/02/16 12:00 AM,1217783,11137929.54,449,9.18,9.23,9.05,9.15
"EGS48031C016",06/05/16 12:00 AM,555868,5038656.58,283,9.19,9.19,9,9.06
"EGS48031C016",06/06/16 12:00 AM,359207,3246110.77,162,9.1,9.14,8.96,9.04
"EGS48031C016",06/07/16 12:00 AM,1098185,9954784.59,464,8.95,9.17,8.95,9.06
"EGS48031C016",06/08/16 12:00 AM,2121211,19773268.87,879,9.18,9.47,9.13,9.32
"EGS48031C016",06/09/16 12:00 AM,3059055,28841811.57,959,9.32,9.55,9.3,9.43
"EGS48031C016",06/12/16 12:00 AM,1443027,13741125.63,500,9.41,9.61,9.38,9.52
"EGS48031C016",06/13/16 12:00 AM,660936,6318728.57,313,9.55,9.7,9.41,9.56
"EGS48031C016",06/14/16 12:00 AM,1321464,12324427.71,466,9.49,9.55,9.08,9.33
"EGS48031C016",06/15/16 12:00 AM,660416,6009461.69,309,9.32,9.37,9,9.1
"EGS48031C016",06/16/16 12:00 AM,4227967,36889080.52,1365,9.23,9.23,8.53,8.73
"EGS48031C016",06/19/16 12:00 AM,1600254,13806359.47,757,8.91,8.91,8.31,8.63
"EGS48031C016",06/20/16 12:00 AM,2777475,22927930.52,885,8.5,8.54,7.9,8.25
"EGS48031C016",06/21/16 12:00 AM,2053851,16997153.62,751,8.35,8.7,8.01,8.28
"EGS48031C016",06/22/16 12:00 AM,776027,6397896.49,441,8.3,8.4,8.06,8.24
"EGS48031C016",06/23/16 12:00 AM,457616,3783273.49,256,8.29,8.34,8.18,8.27
"EGS48031C016",06/26/16 12:00 AM,2030554,16072028.7,732,7.91,8.3,7.7,7.92
"EGS48031C016",06/27/16 12:00 AM,387742,3146713.81,197,8.29,8.3,8.05,8.12
"EGS48031C016",06/28/16 12:00 AM,996641,8249397.5,492,8.07,8.42,8.07,8.28
"EGS48031C016",06/29/16 12:00 AM,576257,4728223.02,184,8.37,8.37,8.15,8.21
"EGS48031C016",07/03/16 12:00 AM,335021,2775159.38,162,8.22,8.36,8.2,8.28
"EGS48031C016",07/04/16 12:00 AM,2689660,22990209.73,766,8.33,8.7,8.33,8.55
"EGS48031C016",07/10/16 12:00 AM,2189149,19214153,739,8.6,8.88,8.54,8.78
"EGS48031C016",07/11/16 12:00 AM,2470498,21179567.64,678,8.85,8.85,8.45,8.57
"EGS48031C016",07/12/16 12:00 AM,4605420,40426361.6,1468,8.52,9.2,8.44,8.78
"EGS48031C016",07/13/16 12:00 AM,2816024,25549760.42,1047,9.15,9.25,8.98,9.07
"EGS48031C016",07/14/16 12:00 AM,2967216,27120186.81,1449,9.04,9.25,8.96,9.14
"EGS48031C016",07/17/16 12:00 AM,2288884,21480826.61,835,9.14,9.48,9.12,9.38
"EGS48031C016",07/18/16 12:00 AM,4249640,40256549.51,910,9.47,9.54,9.32,9.47
"EGS48031C016",07/19/16 12:00 AM,2281441,21565553.47,805,9.4,9.53,9.35,9.45
"EGS48031C016",07/20/16 12:00 AM,2084468,19223627.84,644,9.38,9.4,9.07,9.22
"EGS48031C016",07/21/16 12:00 AM,2060464,18874448.75,826,9.16,9.23,9.07,9.16
"EGS48031C016",07/24/16 12:00 AM,2761231,24890526.72,894,9.19,9.2,8.87,9.01
"EGS48031C016",07/25/16 12:00 AM,1955171,17597743.47,627,9,9.07,8.9,9
"EGS48031C016",07/26/16 12:00 AM,2825051,25052585.48,883,8.97,9.05,8.71,8.87
"EGS48031C016",07/27/16 12:00 AM,4603727,41776838.27,1296,9,9.34,8.95,9.07
"EGS48031C016",07/28/16 12:00 AM,7319877,66865245.01,1309,9,9.29,8.9,9.13
"EGS48031C016",07/31/16 12:00 AM,2385996,22110379.38,625,9.25,9.36,9.14,9.27
"EGS48031C016",08/01/16 12:00 AM,1113741,10192237.16,630,9.25,9.28,9.07,9.15
"EGS48031C016",08/02/16 12:00 AM,1076480,9860271.34,367,9.16,9.25,9.1,9.16
"EGS48031C016",08/03/16 12:00 AM,1488357,13723087.87,604,9.2,9.28,9.17,9.22
"EGS48031C016",08/04/16 12:00 AM,1485410,13748890.61,489,9.23,9.35,9.19,9.26
"EGS48031C016",08/07/16 12:00 AM,603002,5533256.37,269,9.2,9.24,9.12,9.18
"EGS48031C016",08/08/16 12:00 AM,2397523,22254517.94,885,9.3,9.36,9.2,9.28
"EGS48031C016",08/09/16 12:00 AM,6197442,59055205.24,1474,9.3,9.7,9.3,9.53
"EGS48031C016",08/10/16 12:00 AM,3207732,30574755.07,861,9.6,9.65,9.36,9.53
"EGS48031C016",08/11/16 12:00 AM,5032397,48036891.72,1240,9.55,9.73,9.37,9.55
"EGS48031C016",08/14/16 12:00 AM,2164946,20572278.59,646,9.5,9.56,9.43,9.5
"EGS48031C016",08/15/16 12:00 AM,8579092,81792126.08,1485,9.57,9.67,9.46,9.53
"EGS48031C016",08/16/16 12:00 AM,6379837,60463265.41,969,9.5,9.61,9.38,9.48
"EGS48031C016",08/17/16 12:00 AM,5800424,54421919.28,989,9.4,9.54,9.28,9.38
"EGS48031C016",08/18/16 12:00 AM,2504426,23936267.37,766,9.55,9.65,9.49,9.56
"EGS48031C016",08/21/16 12:00 AM,4483767,44210161.86,1692,9.6,10,9.6,9.86
"EGS48031C016",08/22/16 12:00 AM,3065020,30283420.97,911,9.94,10.08,9.76,9.88
"EGS48031C016",08/23/16 12:00 AM,3083402,30456420.42,583,9.76,10,9.76,9.88
"EGS48031C016",08/24/16 12:00 AM,3517781,34833092.82,526,9.92,9.97,9.85,9.9
"EGS48031C016",08/25/16 12:00 AM,1493846,14686518.89,515,9.9,9.92,9.7,9.83
"EGS48031C016",08/28/16 12:00 AM,843712,8233081.55,395,9.8,9.86,9.67,9.76
"EGS48031C016",08/29/16 12:00 AM,1499138,14695118.75,493,9.8,9.88,9.72,9.8
"EGS48031C016",08/30/16 12:00 AM,1127831,11052831.53,383,9.8,9.85,9.73,9.8
"EGS48031C016",08/31/16 12:00 AM,5066694,51160341.36,1457,10.6,10.6,9.97,10.1
"EGS48031C016",09/01/16 12:00 AM,1365643,13688299.18,490,10.01,10.14,9.97,10.02
"EGS48031C016",09/04/16 12:00 AM,2569909,25676725.79,770,10.04,10.06,9.87,9.99
"EGS48031C016",09/05/16 12:00 AM,3671113,36971231.46,608,10.05,10.15,9.92,10.07
"EGS48031C016",09/06/16 12:00 AM,472167,4677388.51,275,10,10,9.81,9.91
"EGS48031C016",09/07/16 12:00 AM,628205,6193414.95,270,9.86,9.93,9.8,9.86
"EGS48031C016",09/08/16 12:00 AM,1206040,11704380.75,402,9.86,9.86,9.56,9.7
"EGS48031C016",09/14/16 12:00 AM,434882,4193782.18,303,9.6,9.73,9.57,9.64
"EGS48031C016",09/15/16 12:00 AM,1078506,10311362.67,486,9.68,9.68,9.52,9.56
"EGS48031C016",09/18/16 12:00 AM,528057,4918087.13,301,9.55,9.55,9.09,9.31
"EGS48031C016",09/19/16 12:00 AM,2738690,25440139.68,469,9.19,9.45,9.19,9.29
"EGS48031C016",09/20/16 12:00 AM,997716,9443180.34,475,9.4,9.58,9.3,9.46
"EGS48031C016",09/21/16 12:00 AM,510198,4686746.14,357,9.42,9.42,9.07,9.19
"EGS48031C016",09/22/16 12:00 AM,1037923,9734399.02,356,9.1,9.46,9.1,9.38
"EGS48031C016",09/25/16 12:00 AM,194117,1800083.57,129,9.4,9.4,9.14,9.27
"EGS48031C016",09/26/16 12:00 AM,2183169,20168298.21,380,9.35,9.38,9.13,9.24
"EGS48031C016",09/27/16 12:00 AM,514431,4718122.98,271,9.3,9.3,9.08,9.17
"EGS48031C016",09/28/16 12:00 AM,720639,6508881.04,312,9.18,9.18,8.84,9.03
"EGS48031C016",09/29/16 12:00 AM,728975,6490913.39,292,9,9,8.8,8.9
"EGS48031C016",10/03/16 12:00 AM,2209453,20116505.68,888,9.03,9.2,9,9.1
"EGS48031C016",10/04/16 12:00 AM,774843,6995001.14,456,9.05,9.15,8.95,9.03
"EGS48031C016",10/05/16 12:00 AM,1103963,9874476.79,479,9,9,8.83,8.94
"EGS48031C016",10/09/16 12:00 AM,942100,8250763.51,320,8.85,8.9,8.69,8.76
"EGS48031C016",10/10/16 12:00 AM,1140485,9928247.4,359,8.72,8.85,8.56,8.71
"EGS48031C016",10/11/16 12:00 AM,2064656,17778009.59,316,8.56,8.68,8.5,8.61
"EGS48031C016",10/12/16 12:00 AM,1818298,15481009.76,476,8.53,8.61,8.45,8.51
"EGS48031C016",10/13/16 12:00 AM,2620287,22919760.59,776,8.62,8.87,8.6,8.75
"EGS48031C016",10/16/16 12:00 AM,1631850,14535236,570,8.92,9.1,8.8,8.91
"EGS48031C016",10/17/16 12:00 AM,3571910,29912189.09,845,8.91,8.93,8.18,8.37
"EGS48031C016",10/18/16 12:00 AM,825806,6796516.69,367,8.25,8.34,8.04,8.23
"EGS48031C016",10/19/16 12:00 AM,946911,7706440.48,407,8.26,8.26,8,8.14
"EGS48031C016",10/20/16 12:00 AM,847052,7022560.86,312,8.16,8.43,8.11,8.29
"EGS48031C016",10/23/16 12:00 AM,218178,1800482.72,125,8.28,8.37,8.22,8.25
"EGS48031C016",10/24/16 12:00 AM,320677,2643316.47,167,8.21,8.35,8.16,8.24
"EGS48031C016",10/25/16 12:00 AM,808511,6820648.67,373,8.26,8.61,8.26,8.44
"EGS48031C016",10/26/16 12:00 AM,479925,4067716.66,231,8.4,8.53,8.4,8.48
"EGS48031C016",10/27/16 12:00 AM,1331383,11582904.96,446,8.48,8.8,8.48,8.7
"EGS48031C016",10/30/16 12:00 AM,107475,928787.17,77,8.7,8.73,8.55,8.64
"EGS48031C016",10/31/16 12:00 AM,680649,5960851.5,276,8.62,8.84,8.61,8.76
"EGS48031C016",11/01/16 12:00 AM,812501,6970496.81,342,8.71,8.75,8.45,8.58
"EGS48031C016",11/02/16 12:00 AM,2312200,19935441.22,490,8.83,8.83,8.35,8.62
"EGS48031C016",11/03/16 12:00 AM,3134251,28032040.05,870,9.44,9.48,8.5,8.94
"EGS48031C016",11/06/16 12:00 AM,1029248,9595462.66,462,9.09,9.53,9.05,9.32
"EGS48031C016",11/07/16 12:00 AM,1933883,18513427.34,725,9.44,9.8,9.35,9.57
"EGS48031C016",11/08/16 12:00 AM,2161440,20743968.16,608,9.77,9.89,9.45,9.6
"EGS48031C016",11/09/16 12:00 AM,1945103,19096536.41,813,9.45,10,9.36,9.82
"EGS48031C016",11/10/16 12:00 AM,5530013,55670665.84,1197,9.86,10.26,9.86,10.07
"EGS48031C016",11/13/16 12:00 AM,4158548,41154432.16,1003,10.15,10.17,9.8,9.9
"EGS48031C016",11/14/16 12:00 AM,3216638,30750989.26,949,9.87,9.89,9.25,9.56
"EGS48031C016",11/15/16 12:00 AM,1420610,13394001.76,435,9.38,9.52,9.3,9.43
"EGS48031C016",11/16/16 12:00 AM,4520875,44205748.66,1040,9.56,9.97,9.48,9.78
"EGS48031C016",11/17/16 12:00 AM,6859543,69123499.66,1423,9.93,10.34,9.77,10.08
"EGS48031C016",11/20/16 12:00 AM,2312183,23128020.36,602,9.91,10.1,9.78,10
"EGS48031C016",11/21/16 12:00 AM,3755828,38187011.16,987,10.14,10.3,9.95,10.17
"EGS48031C016",11/22/16 12:00 AM,3250932,33107988.17,948,10.32,10.37,9.93,10.18
"EGS48031C016",11/23/16 12:00 AM,1297200,13003854.75,397,10.01,10.14,9.93,10.02
"EGS48031C016",11/24/16 12:00 AM,1778658,17609138.01,635,10.05,10.2,9.66,9.9
"EGS48031C016",11/27/16 12:00 AM,947242,9078407.43,492,9.7,9.84,9.49,9.58
"EGS48031C016",11/28/16 12:00 AM,3084175,30212525.53,729,9.58,10,9.58,9.8
"EGS48031C016",11/29/16 12:00 AM,1414158,13674531.22,395,9.8,9.85,9.55,9.67
"EGS48031C016",11/30/16 12:00 AM,2430317,23934905.97,613,9.95,9.99,9.75,9.85
"EGS48031C016",12/01/16 12:00 AM,4058252,40465837.77,813,9.86,10.05,9.78,9.97
"EGS48031C016",12/04/16 12:00 AM,3533075,35941984.02,954,10.06,10.3,10,10.17
"EGS48031C016",12/05/16 12:00 AM,1658210,16619129.84,697,10.15,10.27,9.87,10.02
"EGS48031C016",12/06/16 12:00 AM,767200,7681733.6,297,9.91,10.1,9.91,10.01
"EGS48031C016",12/07/16 12:00 AM,3448757,34709248.68,983,10.09,10.3,9.94,10.06
"EGS48031C016",12/08/16 12:00 AM,6554896,68454821.04,1781,10.07,10.8,10.07,10.44
"EGS48031C016",12/12/16 12:00 AM,7897870,87808342.3,1968,10.74,11.41,10.68,11.12
"EGS48031C016",12/13/16 12:00 AM,6882554,76035837.33,2276,11.25,11.39,10.8,11.05
"EGS48031C016",12/14/16 12:00 AM,3407624,37367548.37,644,11,11.15,10.84,10.97
"EGS48031C016",12/15/16 12:00 AM,2655304,29539652.37,783,11.15,11.3,10.96,11.12
"EGS48031C016",12/18/16 12:00 AM,2365316,27236922.88,775,11.37,11.7,11.36,11.52
"EGS48031C016",12/19/16 12:00 AM,6138340,74432189.44,1319,11.5,12.67,11.5,12.13
"EGS48031C016",12/20/16 12:00 AM,3632834,47483917.54,1219,13.34,13.54,12.63,13.07
"EGS48031C016",12/21/16 12:00 AM,2297245,30167065,748,13,13.44,12.88,13.13
"EGS48031C016",12/22/16 12:00 AM,2701694,34445570.45,929,13.04,13.3,12.3,12.75
"EGS48031C016",12/25/16 12:00 AM,1570953,19016275.23,931,12.49,12.53,11.76,12.1
"EGS48031C016",12/26/16 12:00 AM,2172277,25970993.03,912,11.93,12.15,11.77,11.96
"EGS48031C016",12/27/16 12:00 AM,1983033,23426988.57,759,12,12.07,11.55,11.81
"EGS48031C016",12/28/16 12:00 AM,2488982,29480120.36,923,11.81,12.02,11.6,11.84
"EGS48031C016",12/29/16 12:00 AM,1719533,20203055.66,695,12,12.04,11.5,11.75
"EGS48031C016",01/02/17 12:00 AM,1883784,22507501.48,721,11.8,12.2,11.72,11.95
"EGS48031C016",01/03/17 12:00 AM,2736278,33595474.94,1013,12,12.48,11.88,12.28
"EGS48031C016",01/04/17 12:00 AM,3767449,48273466.28,1256,12.6,13.1,12.41,12.81
"EGS48031C016",01/05/17 12:00 AM,2708625,35451102.23,927,12.89,13.27,12.73,13.09
"EGS48031C016",01/08/17 12:00 AM,4859718,66604936.45,1581,13.2,14.15,13.12,13.71
"EGS48031C016",01/09/17 12:00 AM,1733439,23588457.23,678,13.8,13.9,13.4,13.61
"EGS48031C016",01/10/17 12:00 AM,4274617,58755549.53,1731,13.57,14.05,13.44,13.75
"EGS48031C016",01/11/17 12:00 AM,1714059,22824490.66,776,13.7,13.7,13.16,13.32
"EGS48031C016",01/12/17 12:00 AM,2965310,39877573.95,1197,13.3,13.65,13.3,13.45
"EGS48031C016",01/15/17 12:00 AM,940681,12652623.12,501,13.6,13.61,13.29,13.45
"EGS48031C016",01/16/17 12:00 AM,1855399,24343345.48,846,13.49,13.49,12.96,13.12
"EGS48031C016",01/17/17 12:00 AM,1581391,20940748.51,764,13.12,13.35,13.12,13.24
"EGS48031C016",01/18/17 12:00 AM,1902376,24319026.73,722,13.29,13.35,12.22,12.78
"EGS48031C016",01/19/17 12:00 AM,1902918,23202833.55,819,12.4,12.58,11.71,12.19
"EGS48031C016",01/22/17 12:00 AM,816130,9845773.51,405,12.25,12.38,11.85,12.06
"EGS48031C016",01/23/17 12:00 AM,2047488,25231094.76,832,12.29,12.68,12.05,12.32
"EGS48031C016",01/24/17 12:00 AM,1629607,20476312.52,686,12.36,12.84,12.16,12.57
"EGS48031C016",01/26/17 12:00 AM,1528153,19811552.66,567,12.9,13.15,12.87,12.96
"EGS48031C016",01/29/17 12:00 AM,1444352,18841017.14,661,13.05,13.22,12.65,13.04
"EGS48031C016",01/30/17 12:00 AM,2520348,31488614.73,773,12.9,12.95,12.2,12.49
"EGS48031C016",01/31/17 12:00 AM,771317,9489368.63,370,12.4,12.5,12.17,12.3
"EGS48031C016",02/01/17 12:00 AM,1238670,14961372.1,467,12.25,12.37,11.9,12.08
"EGS48031C016",02/02/17 12:00 AM,712961,8736765.44,275,12.12,12.37,12.12,12.25
"EGS48031C016",02/05/17 12:00 AM,837849,10368339.25,578,12.39,12.6,12.13,12.37
"EGS48031C016",02/06/17 12:00 AM,2130372,26947472.5,1138,12.25,13.05,12.15,12.65
"EGS48031C016",02/07/17 12:00 AM,2455157,32199909.46,1226,12.9,13.32,12.89,13.12
"EGS48031C016",02/08/17 12:00 AM,1614627,20734639.07,670,13.18,13.26,12.41,12.84
"EGS48031C016",02/09/17 12:00 AM,4129211,54352103.8,1349,12.74,13.81,12.46,13.16
"EGS48031C016",02/12/17 12:00 AM,2227692,29064521.87,820,13.4,13.5,12.57,13.05
"EGS48031C016",02/13/17 12:00 AM,2083627,26085286.98,750,12.72,12.78,12.31,12.52
"EGS48031C016",02/14/17 12:00 AM,3099965,36843020.61,1204,12.6,12.64,11.27,11.88
"EGS48031C016",02/15/17 12:00 AM,2319570,26841072.14,1053,11.54,11.72,11.2,11.57
"EGS48031C016",02/16/17 12:00 AM,2138179,25489573.58,847,11.77,12.04,11.7,11.92
"EGS48031C016",02/19/17 12:00 AM,2373052,28952669.87,756,12.05,12.39,12,12.2
"EGS48031C016",02/20/17 12:00 AM,1845593,22623450.3,1019,12.22,12.35,12.07,12.26
"EGS48031C016",02/21/17 12:00 AM,1499052,18605935.29,706,12.39,12.6,12.23,12.41
"EGS48031C016",02/22/17 12:00 AM,2258086,27242178.29,760,12.36,12.4,11.87,12.06
"EGS48031C016",02/23/17 12:00 AM,1482006,17443677.26,725,12.1,12.2,11.45,11.77
"EGS48031C016",02/26/17 12:00 AM,831512,9735643.03,486,11.93,11.95,11.57,11.71
"EGS48031C016",02/27/17 12:00 AM,1031975,11914742.36,583,11.65,11.7,11.46,11.55
"EGS48031C016",02/28/17 12:00 AM,3954061,44083034.77,1990,11.4,11.4,10.82,11.15
"EGS48031C016",03/01/17 12:00 AM,2442677,26970467.47,952,11.15,11.22,10.8,11.04
"EGS48031C016",03/02/17 12:00 AM,3091326,34932796.89,914,11.15,11.48,11.11,11.3
"EGS48031C016",03/05/17 12:00 AM,1412570,16200412.12,556,11.48,11.58,11.36,11.47
"EGS48031C016",03/06/17 12:00 AM,3671478,42703883.27,806,11.45,11.72,11.4,11.63
"EGS48031C016",03/07/17 12:00 AM,2524863,29485730.47,780,11.73,11.87,11.42,11.68
"EGS48031C016",03/08/17 12:00 AM,2864088,33021525.16,887,11.55,11.64,11.42,11.53
"EGS48031C016",03/09/17 12:00 AM,3499727,41109503.69,1290,11.47,11.89,11.42,11.75
"EGS48031C016",03/12/17 12:00 AM,1633219,19488711.14,774,11.84,12.1,11.78,11.93
"EGS48031C016",03/13/17 12:00 AM,4537325,53247828.25,1392,11.99,12.25,11.55,11.74
"EGS48031C016",03/14/17 12:00 AM,5659134,64512948.05,1341,11.62,11.65,11.1,11.4
"EGS48031C016",03/15/17 12:00 AM,2833498,32305181.07,725,11.35,11.53,11.3,11.4
"EGS48031C016",03/16/17 12:00 AM,1434803,16405647.9,541,11.56,11.6,11.32,11.43
"EGS48031C016",03/19/17 12:00 AM,1652167,18875546.22,489,11.53,11.55,11.33,11.42
"EGS48031C016",03/20/17 12:00 AM,2464278,28210878.05,856,11.39,11.6,11.33,11.45
"EGS48031C016",03/21/17 12:00 AM,2038322,23336134.97,716,11.48,11.56,11.36,11.45
"EGS48031C016",03/22/17 12:00 AM,994641,11337036.92,463,11.45,11.45,11.34,11.4
"EGS48031C016",03/23/17 12:00 AM,1494792,17105347.48,459,11.46,11.52,11.38,11.44
"EGS48031C016",03/26/17 12:00 AM,1155507,13393000.17,664,11.51,11.72,11.45,11.59
"EGS48031C016",03/27/17 12:00 AM,1815235,20880940.46,579,11.64,11.64,11.44,11.5
"EGS48031C016",03/28/17 12:00 AM,1221095,14110511.86,464,11.45,11.7,11.4,11.56
"EGS48031C016",03/29/17 12:00 AM,784826,9014742.68,350,11.55,11.6,11.42,11.49
"EGS48031C016",03/30/17 12:00 AM,2168877,24853796.15,535,11.51,11.56,11.41,11.46
"EGS48031C016",04/02/17 12:00 AM,479859,5478949.93,273,11.43,11.45,11.4,11.42
"EGS48031C016",04/03/17 12:00 AM,1402222,16057267.36,495,11.46,11.51,11.39,11.45
"EGS48031C016",04/04/17 12:00 AM,4191289,48826130.7,1253,11.7,11.8,11.52,11.65
"EGS48031C016",04/05/17 12:00 AM,1760318,20139558.11,666,11.65,11.67,11.35,11.44
"EGS48031C016",04/06/17 12:00 AM,976077,11082758.29,380,11.36,11.45,11.31,11.35
"EGS48031C016",04/09/17 12:00 AM,1308801,14685156.44,412,11.35,11.35,11.15,11.22
"EGS48031C016",04/10/17 12:00 AM,994065,11118435.05,404,11.16,11.3,11.11,11.18
"EGS48031C016",04/11/17 12:00 AM,1268506,14341687.61,444,11.25,11.48,11.22,11.31
"EGS48031C016",04/12/17 12:00 AM,2455923,28376615.27,855,11.5,11.75,11.41,11.55
"EGS48031C016",04/13/17 12:00 AM,1630875,18860448.05,1120,11.59,11.65,11.5,11.56
"EGS48031C016",04/18/17 12:00 AM,1151034,13331598.41,525,11.64,11.73,11.46,11.58
"EGS48031C016",04/19/17 12:00 AM,2665415,30745328.83,787,11.46,11.62,11.46,11.53
"EGS48031C016",04/20/17 12:00 AM,2865041,33238022.82,768,11.6,11.76,11.46,11.6
"EGS48031C016",04/23/17 12:00 AM,3899660,45020753.88,1850,11.64,11.71,11.38,11.54
"EGS48031C016",04/24/17 12:00 AM,2230005,23469168.71,964,10.77,10.81,10.33,10.52
"EGS48031C016",04/26/17 12:00 AM,1524779,15760049.99,772,10.41,10.47,10.25,10.34
"EGS48031C016",04/27/17 12:00 AM,1543509,15641802.03,953,10.35,10.43,10,10.13
"EGS48031C016",04/30/17 12:00 AM,667592,6635218.73,427,10.05,10.08,9.82,9.94
"EGS48031C016",05/02/17 12:00 AM,1411159,13997807.81,502,10,10.07,9.85,9.92
"EGS48031C016",05/03/17 12:00 AM,435571,4328825.99,250,9.95,10,9.86,9.94
"EGS48031C016",05/04/17 12:00 AM,712108,7104603.31,324,10,10.03,9.91,9.98
"EGS48031C016",05/07/17 12:00 AM,555949,5527120.49,272,9.93,10.01,9.9,9.94
"EGS48031C016",05/08/17 12:00 AM,634379,6316476.09,349,9.99,10.05,9.91,9.96
"EGS48031C016",05/09/17 12:00 AM,1096188,11039755.1,460,9.99,10.18,9.94,10.07
"EGS48031C016",05/10/17 12:00 AM,2586026,25942738.23,839,10.14,10.2,9.87,10.03
"EGS48031C016",05/11/17 12:00 AM,2035249,20423406.93,918,9.97,10.17,9.85,10.03
"EGS48031C016",05/14/17 12:00 AM,520570,5192388.92,228,10.13,10.13,9.91,9.97
"EGS48031C016",05/15/17 12:00 AM,2053118,20837497.87,1038,10,10.23,10,10.15
"EGS48031C016",05/16/17 12:00 AM,3106269,32048345.38,1161,10.22,10.41,10.22,10.32
"EGS48031C016",05/17/17 12:00 AM,2078132,21220803.47,549,10.28,10.37,10.02,10.21
"EGS48031C016",05/18/17 12:00 AM,589445,5894470.09,389,10.06,10.14,9.95,10
"EGS48031C016",05/21/17 12:00 AM,370229,3726914.55,202,10,10.16,10,10.07
"EGS48031C016",05/22/17 12:00 AM,3172399,30848534.28,921,9.95,9.95,9.56,9.72
"EGS48031C016",05/23/17 12:00 AM,1777161,17741065.72,618,9.92,10.03,9.89,9.98
"EGS48031C016",05/24/17 12:00 AM,1898775,19169895.22,844,10.05,10.16,10.04,10.1
"EGS48031C016",05/25/17 12:00 AM,4220231,43953830.42,1145,10.15,10.61,10.11,10.42
"EGS48031C016",05/28/17 12:00 AM,660805,6947143.89,276,10.59,10.7,10.41,10.51
"EGS48031C016",05/29/17 12:00 AM,594756,6202325.21,317,10.5,10.6,10.28,10.43
"EGS48031C016",05/30/17 12:00 AM,1355080,14084505.77,617,10.39,10.5,10.29,10.39
"EGS48031C016",05/31/17 12:00 AM,3361637,35127968.71,695,10.39,10.5,10.31,10.45
"EGS48031C016",06/01/17 12:00 AM,345618,3609890.5,178,10.48,10.5,10.35,10.44
"EGS48031C016",06/04/17 12:00 AM,16338,169722.65,30,10.36,10.46,10.33,10.39
"EGS48031C016",06/05/17 12:00 AM,669911,6935099.77,387,10.33,10.4,10.27,10.35
"EGS48031C016",06/06/17 12:00 AM,1020019,10555171.72,286,10.37,10.39,10.31,10.35
"EGS48031C016",06/07/17 12:00 AM,1567613,16409189.04,489,10.35,10.59,10.34,10.47
"EGS48031C016",06/08/17 12:00 AM,636572,6732068.32,322,10.55,10.69,10.5,10.58
"EGS48031C016",06/11/17 12:00 AM,299640,3173236.9,193,10.51,10.65,10.5,10.59
"EGS48031C016",06/12/17 12:00 AM,491636,5189266.5,139,10.65,10.65,10.41,10.56
"EGS48031C016",06/13/17 12:00 AM,308097,3215881.42,72,10.43,10.54,10.41,10.44
"EGS48031C016",06/14/17 12:00 AM,818608,8386732.2,252,10.49,10.5,10.11,10.25
"EGS48031C016",06/15/17 12:00 AM,1068520,10763231.27,279,10.19,10.2,10,10.07
"EGS48031C016",06/18/17 12:00 AM,75535,767062.31,41,10.1,10.2,10.07,10.16
"EGS48031C016",06/19/17 12:00 AM,420070,4290386.34,159,10.12,10.3,10.11,10.21
"EGS48031C016",06/20/17 12:00 AM,142083,1436184.08,99,10.18,10.25,10.05,10.11
"EGS48031C016",06/21/17 12:00 AM,567421,5698219.09,184,10.11,10.13,10,10.04
"EGS48031C016",06/22/17 12:00 AM,405860,4137537.76,196,10.1,10.24,10.1,10.19
"EGS48031C016",06/28/17 12:00 AM,429137,4411000.95,285,10.02,10.35,10.02,10.28
"EGS48031C016",07/02/17 12:00 AM,290301,2937335.09,153,10.34,10.34,10.06,10.12
"EGS48031C016",07/03/17 12:00 AM,371777,3737368.78,188,10.13,10.14,10.02,10.05
"EGS48031C016",07/04/17 12:00 AM,189594,1921095.61,109,10.07,10.2,10.07,10.13
"EGS48031C016",07/05/17 12:00 AM,930754,9611627.79,398,10.2,10.38,10.2,10.33
"EGS48031C016",07/06/17 12:00 AM,308385,3204559.96,127,10.27,10.45,10.27,10.39
"EGS48031C016",07/09/17 12:00 AM,250932,2574277.2,241,10.25,10.32,10.12,10.26
"EGS48031C016",07/10/17 12:00 AM,681644,7048570.22,162,10.26,10.4,10.26,10.34
"EGS48031C016",07/11/17 12:00 AM,1188694,12194553.84,496,10.35,10.43,10.07,10.26
"EGS48031C016",07/12/17 12:00 AM,1126100,11366031.35,635,10.25,10.25,10.04,10.09
"EGS48031C016",07/13/17 12:00 AM,1520652,15504788.57,630,10.07,10.33,10.07,10.2
"EGS48031C016",07/16/17 12:00 AM,1570315,16217025.03,517,10.15,10.42,10.15,10.33
"EGS48031C016",07/17/17 12:00 AM,1713663,17965197.8,644,10.3,10.58,10.3,10.48
"EGS48031C016",07/18/17 12:00 AM,2018846,21588191.73,839,10.44,10.87,10.44,10.69
"EGS48031C016",07/19/17 12:00 AM,2449597,26584687.01,856,10.6,11,10.51,10.85
"EGS48031C016",07/20/17 12:00 AM,809664,8772586.16,394,10.99,11,10.6,10.83
"EGS48031C016",07/24/17 12:00 AM,573790,6256158.21,256,10.67,11.07,10.67,10.9
"EGS48031C016",07/25/17 12:00 AM,558991,6184215.55,353,10.99,11.19,10.96,11.06
"EGS48031C016",07/26/17 12:00 AM,556351,6079438.52,243,11,11.03,10.82,10.93
"EGS48031C016",07/27/17 12:00 AM,1019194,11101651.12,266,10.93,11,10.79,10.89
"EGS48031C016",07/30/17 12:00 AM,209296,2266537.23,130,11,11,10.7,10.83
"EGS48031C016",07/31/17 12:00 AM,2222443,24700158.98,885,10.89,11.22,10.8,11.11
"EGS48031C016",08/01/17 12:00 AM,813065,8969520.77,356,11.02,11.2,10.89,11.03
"EGS48031C016",08/02/17 12:00 AM,897310,9829428.77,288,10.98,11.15,10.8,10.95
"EGS48031C016",08/03/17 12:00 AM,1019083,11095390.38,318,10.95,11,10.8,10.89
"EGS48031C016",08/06/17 12:00 AM,709727,7827000.59,243,11,11.1,10.95,11.03
"EGS48031C016",08/07/17 12:00 AM,704784,7828566.5,221,11.06,11.16,11.03,11.11
"EGS48031C016",08/08/17 12:00 AM,837669,9295008.72,484,11.06,11.29,11,11.1
"EGS48031C016",08/09/17 12:00 AM,286604,3185520.38,162,11.04,11.17,11.02,11.11
"EGS48031C016",08/10/17 12:00 AM,1134786,12803614.89,551,11.1,11.5,11.1,11.28
"EGS48031C016",08/13/17 12:00 AM,616219,6996084.42,286,11.45,11.5,11.22,11.35
"EGS48031C016",08/14/17 12:00 AM,1055094,12036267.37,412,11.3,11.58,11.19,11.41
"EGS48031C016",08/15/17 12:00 AM,2019436,23314565.69,568,11.5,11.65,11.46,11.55
"EGS48031C016",08/16/17 12:00 AM,981278,11489857.56,384,11.52,11.8,11.46,11.71
"EGS48031C016",08/17/17 12:00 AM,2901491,34430803.82,760,11.79,12,11.6,11.87
"EGS48031C016",08/20/17 12:00 AM,446384,5200038.6,214,11.66,11.88,11.59,11.65
"EGS48031C016",08/21/17 12:00 AM,1297835,15364681.79,416,11.56,12.01,11.56,11.84
"EGS48031C016",08/22/17 12:00 AM,581430,6876825.5,462,11.97,11.97,11.75,11.83
"EGS48031C016",08/23/17 12:00 AM,1857432,21817811.47,862,11.83,11.91,11.7,11.75
"EGS48031C016",08/24/17 12:00 AM,324214,3811457.62,208,11.75,11.82,11.7,11.76
"EGS48031C016",08/27/17 12:00 AM,119152,1410206.38,101,11.85,11.9,11.76,11.84
"EGS48031C016",08/28/17 12:00 AM,1876860,23227449.27,826,11.85,12.81,11.85,12.38
"EGS48031C016",08/29/17 12:00 AM,921767,11727083.16,477,12.7,12.93,12.61,12.72
"EGS48031C016",08/30/17 12:00 AM,1006231,12851343.05,396,12.79,12.95,12.64,12.77
"EGS48031C016",09/05/17 12:00 AM,985342,12545936.38,358,12.89,12.98,12.6,12.73
"EGS48031C016",09/06/17 12:00 AM,283540,3561775.73,203,12.88,12.89,12.42,12.56
"EGS48031C016",09/07/17 12:00 AM,575585,7260511.09,205,12.45,12.7,12.43,12.61
"EGS48031C016",09/10/17 12:00 AM,729930,9116009,429,12.7,12.71,12.35,12.49
"EGS48031C016",09/11/17 12:00 AM,768858,9559596.19,388,12.45,12.54,12.39,12.43
"EGS48031C016",09/12/17 12:00 AM,1105661,13729309.29,331,12.4,12.5,12.35,12.42
"EGS48031C016",09/13/17 12:00 AM,1643031,20719859.3,867,12.5,12.75,12.5,12.61
"EGS48031C016",09/14/17 12:00 AM,1445905,18368802.47,725,12.7,12.86,12.45,12.7
"EGS48031C016",09/17/17 12:00 AM,706978,8810499.43,292,12.65,12.65,12.35,12.46
"EGS48031C016",09/18/17 12:00 AM,489191,6126539.04,240,12.52,12.63,12.41,12.52
"EGS48031C016",09/19/17 12:00 AM,3036899,39443985.5,1055,12.8,13.24,12.8,12.99
"EGS48031C016",09/20/17 12:00 AM,1105420,14136214.25,499,12.95,13.04,12.71,12.79
"EGS48031C016",09/24/17 12:00 AM,398203,5002844.94,316,12.83,12.83,12.45,12.56
"EGS48031C016",09/25/17 12:00 AM,533295,6679796.65,435,12.51,12.75,12.41,12.53
"EGS48031C016",09/26/17 12:00 AM,752272,9395622.33,409,12.53,12.62,12.4,12.49
"EGS48031C016",09/27/17 12:00 AM,2197634,27830163.75,471,12.5,12.82,12.42,12.66
"EGS48031C016",09/28/17 12:00 AM,1700542,22027446.8,710,12.93,13,12.83,12.95
"EGS48031C016",10/01/17 12:00 AM,1015175,13253551.19,548,13.13,13.28,12.91,13.06
"EGS48031C016",10/02/17 12:00 AM,1133736,14691511.29,464,13,13.06,12.85,12.96
"EGS48031C016",10/03/17 12:00 AM,2827887,38229478.16,1242,13,13.88,12.91,13.52
"EGS48031C016",10/04/17 12:00 AM,2473155,34054978.4,933,13.89,13.94,13.66,13.77
"EGS48031C016",10/08/17 12:00 AM,995187,13739215.57,637,13.86,14.05,13.55,13.81
"EGS48031C016",10/09/17 12:00 AM,1449178,19529539.44,859,13.98,13.98,13.16,13.48
"EGS48031C016",10/10/17 12:00 AM,1182121,15758196.6,575,13.39,13.54,13.12,13.33
"EGS48031C016",10/11/17 12:00 AM,3276526,43000999.83,969,13.3,13.3,13.01,13.12
"EGS48031C016",10/12/17 12:00 AM,2154120,28531795.71,902,13.16,13.4,13.12,13.25
"EGS48031C016",10/15/17 12:00 AM,681883,9069408.45,415,13.15,13.43,13.15,13.3
"EGS48031C016",10/16/17 12:00 AM,171967,2213418.89,115,13.15,13.15,12.8,12.87
"EGS48031C016",10/17/17 12:00 AM,1579775,20747450.27,925,12.99,13.3,12.87,13.13
"EGS48031C016",10/18/17 12:00 AM,1260709,16342321.21,584,13.05,13.15,12.87,12.96
"EGS48031C016",10/19/17 12:00 AM,890416,11425335.03,499,13,13,12.65,12.83
"EGS48031C016",10/22/17 12:00 AM,228242,2897936.49,154,12.62,12.85,12.56,12.7
"EGS48031C016",10/23/17 12:00 AM,657766,8611869.4,381,12.78,13.27,12.78,13.09
"EGS48031C016",10/24/17 12:00 AM,523920,6794687.19,237,13.2,13.2,12.81,12.97
"EGS48031C016",10/25/17 12:00 AM,213000,2748585.33,155,12.83,13,12.8,12.9
"EGS48031C016",10/26/17 12:00 AM,590027,7644772.51,275,13,13.13,12.89,12.96
"EGS48031C016",10/29/17 12:00 AM,336631,4344997.75,139,13.04,13.06,12.88,12.91
"EGS48031C016",10/30/17 12:00 AM,720088,9434229.82,384,13,13.2,12.99,13.1
"EGS48031C016",10/31/17 12:00 AM,998469,13001925.57,390,13.15,13.2,12.9,13.02
"EGS48031C016",11/01/17 12:00 AM,818942,10519470.45,230,13,13,12.73,12.85
"EGS48031C016",11/02/17 12:00 AM,520053,6649647.53,211,12.85,12.9,12.7,12.79
"EGS48031C016",11/05/17 12:00 AM,266395,3409170.72,186,12.91,12.93,12.7,12.8
"EGS48031C016",11/06/17 12:00 AM,741992,9486346.92,288,12.83,12.9,12.66,12.78
"EGS48031C016",11/07/17 12:00 AM,620761,7899511.93,283,12.7,12.8,12.61,12.73
"EGS48031C016",11/08/17 12:00 AM,1908310,25029348.15,731,12.76,13.35,12.65,13.12
"EGS48031C016",11/09/17 12:00 AM,2271099,30867876.12,1190,13.34,13.71,13.34,13.59
"EGS48031C016",11/12/17 12:00 AM,510726,6921950.84,273,13.65,13.77,13.34,13.55
"EGS48031C016",11/13/17 12:00 AM,751755,10185388.43,418,13.41,13.7,13.3,13.55
"EGS48031C016",11/14/17 12:00 AM,606862,8194094.97,228,13.65,13.7,13.37,13.5
"EGS48031C016",11/15/17 12:00 AM,431690,5711983.4,262,13.5,13.55,13.06,13.23
"EGS48031C016",11/16/17 12:00 AM,429817,5604291.21,255,13.12,13.25,12.85,13.04
"EGS48031C016",11/19/17 12:00 AM,100903,1306194.61,108,12.85,13.09,12.82,12.95
"EGS48031C016",11/20/17 12:00 AM,2245188,27882736.42,724,12.95,12.99,11.8,12.42
"EGS48031C016",11/21/17 12:00 AM,1988528,24556339.66,570,12.47,12.68,12.1,12.35
"EGS48031C016",11/22/17 12:00 AM,288140,3559136.1,138,12.5,12.5,12.31,12.35
"EGS48031C016",11/23/17 12:00 AM,2066870,26678879.2,855,12.59,13.2,12.51,12.91
"EGS48031C016",11/26/17 12:00 AM,961269,12828802.65,471,12.9,13.7,12.85,13.35
"EGS48031C016",11/27/17 12:00 AM,1280897,17180695.27,442,13.3,13.69,13.05,13.41
"EGS48031C016",11/28/17 12:00 AM,1256678,16976061.11,597,13.64,13.79,13.13,13.51
"EGS48031C016",11/29/17 12:00 AM,3102574,41975565.14,794,13.45,13.7,13.24,13.53
"EGS48031C016",12/03/17 12:00 AM,579869,7803134.85,261,13.5,13.52,13.4,13.46
"EGS48031C016",12/04/17 12:00 AM,1084428,14453367.37,440,13.46,13.5,13.21,13.33
"EGS48031C016",12/05/17 12:00 AM,1300855,17044209.18,451,13.43,13.44,12.95,13.1
"EGS48031C016",12/06/17 12:00 AM,3284249,44140858.61,726,13.24,13.6,13.24,13.44
"EGS48031C016",12/07/17 12:00 AM,1293859,17514214.54,522,13.4,13.66,13.31,13.54
"EGS48031C016",12/10/17 12:00 AM,571676,7636758.71,243,13.49,13.5,13.21,13.36
"EGS48031C016",12/11/17 12:00 AM,343075,4602662.26,140,13.27,13.51,13.27,13.42
"EGS48031C016",12/12/17 12:00 AM,1214438,16507488.47,390,13.51,13.68,13.44,13.59
"EGS48031C016",12/13/17 12:00 AM,3762076,52051563.41,1167,13.56,14.01,13.56,13.84
"EGS48031C016",12/14/17 12:00 AM,3620827,49541798.5,567,13.82,13.82,13.56,13.68
"EGS48031C016",12/17/17 12:00 AM,944144,13024372.67,241,13.6,13.98,13.55,13.79
"EGS48031C016",12/18/17 12:00 AM,819097,11001666.18,298,13.75,13.75,13.35,13.43
"EGS48031C016",12/19/17 12:00 AM,784204,10478057.27,370,13.44,13.58,13.2,13.36
"EGS48031C016",12/20/17 12:00 AM,253215,3410688.47,145,13.4,13.55,13.31,13.47
"EGS48031C016",12/21/17 12:00 AM,572858,7577005.71,330,13.48,13.5,13.02,13.23
"EGS48031C016",12/24/17 12:00 AM,155318,2069131.19,159,13.1,13.45,13.1,13.32
"EGS48031C016",12/25/17 12:00 AM,3062782,42551770.77,842,13.44,14.03,13.3,13.89
"EGS48031C016",12/26/17 12:00 AM,364077,5028239.36,142,13.8,13.9,13.68,13.81
"EGS48031C016",12/27/17 12:00 AM,610672,8207441.74,242,13.62,13.65,13.36,13.44
"EGS48031C016",12/28/17 12:00 AM,525026,7102266.77,256,13.4,13.68,13.4,13.53
"EGS48031C016",12/31/17 12:00 AM,621441,8337761.07,236,13.51,13.51,13.38,13.42
